작성일,종목명,종목코드,제목,적정가격,현재가격,기대수익률,평가의견,작성자,작성기관,기업정보,첨부파일
2025-11-20,삼양식품,003230, 두가지 공시의 함의 축복에 끝이 없네 두가지 공시의 함의 축복에 끝이 없네 중장기 실적 전망 상향의 근거가 될 중요한 공시 벌써 추가 라인 투입이 결정된 이유 ,"1,800,000",1380000,30.43,Buy,한유정,한화투자증권,https://comp.kisline.com/hi/HI0100M010GE.nice?stockcd=003230&nav=1,https://consensus.hankyung.com/analysis/downpdf?report_idx=644855
2025-11-20,이수페타시스,007660, NDR 후기 TPU 사이클의 유일한 선택지 NDR 후기 TPU 사이클의 유일한 선택지 NDR 후기 TPU 사이클의 유일한 선택지 ,0,122100,,N/A,-,메리츠증권,https://comp.kisline.com/hi/HI0100M010GE.nice?stockcd=007660&nav=1,https://consensus.hankyung.com/analysis/downpdf?report_idx=644852
2025-11-19,오리온,271560, 국가별 10월 실적 Comment 국가별 10월 실적 Comment 국가별 10월 실적 Comment ,0,104800,,N/A,김정욱,메리츠증권,https://comp.kisline.com/hi/HI0100M010GE.nice?stockcd=271560&nav=1,https://consensus.hankyung.com/analysis/downpdf?report_idx=644839
2025-11-19,쎄트렉아이,099320, 3Q25 Review 무난한 실적 추가 위성임대 계약을 기대 3Q25 Review 무난한 실적 추가 위성임대 계약을 기대 3Q25 Review 무난한 실적 추가 위성임대 계약을 기대 ,"67,000",55500,20.72,Buy,최정환,LS증권,https://comp.kisline.com/hi/HI0100M010GE.nice?stockcd=099320&nav=1,https://consensus.hankyung.com/analysis/downpdf?report_idx=644833
2025-11-19,SK가스,018670, LNG 밸류체인에서꾸준한확장기대 LNG 밸류체인에서꾸준한확장기대 LNG 밸류체인에서꾸준한확장기대 ,"340,000",258000,31.78,Buy,전유진,iM증권,https://comp.kisline.com/hi/HI0100M010GE.nice?stockcd=018670&nav=1,https://consensus.hankyung.com/analysis/downpdf?report_idx=644832
2025-11-19,LG화학,051910, 26년LGES 지분추가활용가능성이시사하는것들 26년LGES 지분추가활용가능성이시사하는것들 26년LGES 지분추가활용가능성이시사하는것들 ,"500,000",367000,36.24,Buy,전유진,iM증권,https://comp.kisline.com/hi/HI0100M010GE.nice?stockcd=051910&nav=1,https://consensus.hankyung.com/analysis/downpdf?report_idx=644831
2025-11-19,롯데케미칼,011170, 5년만에처음흑자전환을기대해보는26년 5년만에처음흑자전환을기대해보는26년 5년만에처음흑자전환을기대해보는26년 ,"110,000",78000,41.03,Buy,전유진,iM증권,https://comp.kisline.com/hi/HI0100M010GE.nice?stockcd=011170&nav=1,https://consensus.hankyung.com/analysis/downpdf?report_idx=644830
2025-11-19,S-Oil,010950, S Oil 26년1분기까지는편안할유가와정제마진 S Oil 26년1분기까지는편안할유가와정제마진 26년1분기까지는편안할유가와정제마진 ,"110,000",89700,22.63,Buy,전유진,iM증권,https://comp.kisline.com/hi/HI0100M010GE.nice?stockcd=010950&nav=1,https://consensus.hankyung.com/analysis/downpdf?report_idx=644828
2025-11-18,샘씨엔에스,252990, 비상을 앞두고 비상을 앞두고 비상을 앞두고 ,0,6290,,NotRated,"양승수,우서현",메리츠증권,https://comp.kisline.com/hi/HI0100M010GE.nice?stockcd=252990&nav=1,https://consensus.hankyung.com/analysis/downpdf?report_idx=644827
2025-11-18,한온시스템,018880, 순이자비용 완화 기대 고정비 부담은 아직 순이자비용 완화 기대 고정비 부담은 아직 순이자비용 완화 기대 고정비 부담은 아직 ,"4,200",3535,18.81,Hold,유민기,상상인증권,https://comp.kisline.com/hi/HI0100M010GE.nice?stockcd=018880&nav=1,https://consensus.hankyung.com/analysis/downpdf?report_idx=644820
2025-11-18,대한조선,439260, 3Q25 Re 한국 조선업 역사상 최고 수익성 달성 3Q25 Re 한국 조선업 역사상 최고 수익성 달성 3Q25 Re 한국 조선업 역사상 최고 수익성 달성 ,"100,000",65100,53.61,매수,오지훈,IBK투자증권,https://comp.kisline.com/hi/HI0100M010GE.nice?stockcd=439260&nav=1,https://consensus.hankyung.com/analysis/downpdf?report_idx=644801
2025-11-18,서진시스템,178320, 북미 AI 인프라 구축의 동반자 북미 AI 인프라 구축의 동반자 북미 AI 인프라 구축의 동반자 ,"33,000",21800,51.38,Buy,허준서,유진투자증권,https://comp.kisline.com/hi/HI0100M010GE.nice?stockcd=178320&nav=1,https://consensus.hankyung.com/analysis/downpdf?report_idx=644790
2025-11-17,삼양식품,003230, 불확실성 해소 불확실성 해소 기대치에 부합한 3분기 4분기에도 사상 최대 실적 경신 예상 ,"1,800,000",1380000,30.43,Buy,한유정,한화투자증권,https://comp.kisline.com/hi/HI0100M010GE.nice?stockcd=003230&nav=1,https://consensus.hankyung.com/analysis/downpdf?report_idx=644779
2025-11-17,이수페타시스,007660, 2026 모멘텀 적층기술 네트워크 단가인상 2026 모멘텀 적층기술 네트워크 단가인상 2026 모멘텀 적층기술 네트워크 단가인상 ,"144,000",122100,17.94,매수,박형우,SK증권,https://comp.kisline.com/hi/HI0100M010GE.nice?stockcd=007660&nav=1,https://consensus.hankyung.com/analysis/downpdf?report_idx=644766
2025-11-17,삼양식품,003230, 여기서 또 고성장 시현이 가능하다 여기서 또 고성장 시현이 가능하다 여기서 또 고성장 시현이 가능하다 ,"1,800,000",1380000,30.43,Buy,이경신,iM증권,https://comp.kisline.com/hi/HI0100M010GE.nice?stockcd=003230&nav=1,https://consensus.hankyung.com/analysis/downpdf?report_idx=644759
2025-11-13,한국가스공사,036460, 예상 수준의 실적 예상 수준의 실적 예상 수준의 실적 ,"59,000",40250,46.58,Buy,황성현,유진투자증권,https://comp.kisline.com/hi/HI0100M010GE.nice?stockcd=036460&nav=1,https://consensus.hankyung.com/analysis/downpdf?report_idx=644757
2025-11-13,롯데케미칼,011170, 턴어라운드 국면의 업사이드 리스크 턴어라운드 국면의 업사이드 리스크 턴어라운드 국면의 업사이드 리스크 ,"115,000",78000,47.44,Buy,황성현,유진투자증권,https://comp.kisline.com/hi/HI0100M010GE.nice?stockcd=011170&nav=1,https://consensus.hankyung.com/analysis/downpdf?report_idx=644755
2025-11-13,JYP Ent.,035900, JYP Ent 기선을 제압하는 고연차 성과 JYP Ent 기선을 제압하는 고연차 성과 기선을 제압하는 고연차 성과 ,"100,000",66300,50.83,Buy,이현지,유진투자증권,https://comp.kisline.com/hi/HI0100M010GE.nice?stockcd=035900&nav=1,https://consensus.hankyung.com/analysis/downpdf?report_idx=644753
2025-11-13,한국가스공사,036460, 배당은 이어지겠지만 배당은 이어지겠지만 3Q25 Review 영업이익 시장 기대치 20 상회 ,"57,000",40250,41.61,Buy,송유림,한화투자증권,https://comp.kisline.com/hi/HI0100M010GE.nice?stockcd=036460&nav=1,https://consensus.hankyung.com/analysis/downpdf?report_idx=644751
2025-11-13,롯데케미칼,011170, 여전히 부진하나 기대감은 높아지는 중 여전히 부진하나 기대감은 높아지는 중 3분기 정기보수 효과 제거되며 손익 개선 4분기 재차 적자 확대 전망 ,"100,000",78000,28.21,Buy,이용욱,한화투자증권,https://comp.kisline.com/hi/HI0100M010GE.nice?stockcd=011170&nav=1,https://consensus.hankyung.com/analysis/downpdf?report_idx=644749
2025-11-13,JYP Ent.,035900, JYP Ent 어쨌거나 효율화는 진행 중 JYP Ent 어쨌거나 효율화는 진행 중 3Q25 Review 영업이익 컨센서스 하회 스키즈 트와이스 엔믹스 그리고 블루개러지 ,"110,000",66300,65.91,Buy,박수영,한화투자증권,https://comp.kisline.com/hi/HI0100M010GE.nice?stockcd=035900&nav=1,https://consensus.hankyung.com/analysis/downpdf?report_idx=644747
2025-11-13,JYP Ent.,035900, JYP Ent 매니지먼트 비용 증가 JYP Ent 매니지먼트 비용 증가 매니지먼트 비용 증가 ,"93,000",66300,40.27,Buy,박성호,LS증권,https://comp.kisline.com/hi/HI0100M010GE.nice?stockcd=035900&nav=1,https://consensus.hankyung.com/analysis/downpdf?report_idx=644742
2025-11-13,한국가스공사,036460, 미수금 회수 부진으로 통상적 배당성향 복원 지연 미수금 회수 부진으로 통상적 배당성향 복원 지연 미수금 회수 부진으로 통상적 배당성향 복원 지연 ,"50,000",40250,24.22,Buy,성종화,LS증권,https://comp.kisline.com/hi/HI0100M010GE.nice?stockcd=036460&nav=1,https://consensus.hankyung.com/analysis/downpdf?report_idx=644740
2025-11-13,더존비즈온,012510, 분기 실적보다는 중장기 방향성 변화에 집중 분기 실적보다는 중장기 방향성 변화에 집중 분기 실적보다는 중장기 방향성 변화에 집중 ,"116,500",93800,24.2,Buy,정우성,LS증권,https://comp.kisline.com/hi/HI0100M010GE.nice?stockcd=012510&nav=1,https://consensus.hankyung.com/analysis/downpdf?report_idx=644739
2025-11-13,JYP Ent.,035900, JYP Ent 원가 부담 확대에 따른 수익성 저하 JYP Ent 원가 부담 확대에 따른 수익성 저하 원가 부담 확대에 따른 수익성 저하 ,"100,000",66300,50.83,Buy,황지원,iM증권,https://comp.kisline.com/hi/HI0100M010GE.nice?stockcd=035900&nav=1,https://consensus.hankyung.com/analysis/downpdf?report_idx=644738
2025-11-13,롯데케미칼,011170, 이번에는 진짜로 4년 만의 바닥 탈출 기대 이번에는 진짜로 4년 만의 바닥 탈출 기대 이번에는 진짜로 4년 만의 바닥 탈출 기대 ,"110,000",78000,41.03,Buy,"전유진,장호",iM증권,https://comp.kisline.com/hi/HI0100M010GE.nice?stockcd=011170&nav=1,https://consensus.hankyung.com/analysis/downpdf?report_idx=644737
2025-11-12,이마트,139480, 계획대로 진행 중 계획대로 진행 중 영업환경 감안하면 3분기 실적은 서프라이즈 4분기 영업이익 흑자 기대 ,"104,000",80000,30.0,Buy,남성현,IBK투자증권,https://comp.kisline.com/hi/HI0100M010GE.nice?stockcd=139480&nav=1,https://consensus.hankyung.com/analysis/downpdf?report_idx=644735
2025-11-12,대한조선,439260, 수에즈막스 탱커 2척 추가 수주 28년 슬롯도 완판에 가까워짐 수에즈막스 탱커 2척 추가 수주 28년 슬롯도 완판에 가까워짐 노르딕 아메리칸 탱커스 NAT 로부터 수에즈막스 탱커 2척 수주 보도 ,0,65100,,N/A,오지훈,IBK투자증권,https://comp.kisline.com/hi/HI0100M010GE.nice?stockcd=439260&nav=1,https://consensus.hankyung.com/analysis/downpdf?report_idx=644733
2025-11-12,대한조선,439260, 공포를 사야 할 때 공포를 사야 할 때 3개월 뒤의 보호예수 해제 물량 정말로 우려할 수준인가에 대해 ,"100,000",65100,53.61,Buy,오지훈,IBK투자증권,https://comp.kisline.com/hi/HI0100M010GE.nice?stockcd=439260&nav=1,https://consensus.hankyung.com/analysis/downpdf?report_idx=644732
2025-11-12,이마트,139480, 3Q25 Review 다가온 반격의 시간 3Q25 Review 다가온 반격의 시간 3Q25 Review ,"120,000",80000,50.0,Buy,이진협,한화투자증권,https://comp.kisline.com/hi/HI0100M010GE.nice?stockcd=139480&nav=1,https://consensus.hankyung.com/analysis/downpdf?report_idx=644728
2025-11-12,이마트,139480, 3Q25 Review 경쟁 완화 국면 주목 3Q25 Review 경쟁 완화 국면 주목 3Q25 Review 경쟁 완화 국면 주목 ,"105,000",80000,31.25,Buy,오린아,LS증권,https://comp.kisline.com/hi/HI0100M010GE.nice?stockcd=139480&nav=1,https://consensus.hankyung.com/analysis/downpdf?report_idx=644720
2025-11-12,CJ제일제당,097950, 업황 부진의 늪 업황 부진의 늪 업황 부진의 늪 ,"290,000",218000,33.03,Buy,박성호,LS증권,https://comp.kisline.com/hi/HI0100M010GE.nice?stockcd=097950&nav=1,https://consensus.hankyung.com/analysis/downpdf?report_idx=644712
2025-11-12,CJ제일제당,097950, 잘됐으면 좋겠다 잘됐으면 좋겠다 잘됐으면 좋겠다 ,"320,000",218000,46.79,Buy,이경신,iM증권,https://comp.kisline.com/hi/HI0100M010GE.nice?stockcd=097950&nav=1,https://consensus.hankyung.com/analysis/downpdf?report_idx=644710
2025-11-11,하이브,352820, 불편한 희극 불편한 희극 불편한 희극 ,"400,000",292000,36.99,Buy,이현지,유진투자증권,https://comp.kisline.com/hi/HI0100M010GE.nice?stockcd=352820&nav=1,https://consensus.hankyung.com/analysis/downpdf?report_idx=644701
2025-11-11,파라다이스,034230, 자주 와서 경험해보면 재밌을텐데 자주 와서 경험해보면 재밌을텐데 자주 와서 경험해보면 재밌을텐데 ,"26,000",18090,43.73,Buy,이현지,유진투자증권,https://comp.kisline.com/hi/HI0100M010GE.nice?stockcd=034230&nav=1,https://consensus.hankyung.com/analysis/downpdf?report_idx=644700
2025-11-11,클래시스,214150, 3Q25P Review 18개 분기 연속 성장세 3Q25P Review 18개 분기 연속 성장세 3Q25P Review 18개 분기 연속 성장세 ,"75,000",55300,35.62,Buy,박종선,유진투자증권,https://comp.kisline.com/hi/HI0100M010GE.nice?stockcd=214150&nav=1,https://consensus.hankyung.com/analysis/downpdf?report_idx=644699
2025-11-11,롯데에너지머티리얼즈,020150, 국내 캐파를 AI 회로박으로 전환 국내 캐파를 AI 회로박으로 전환 국내 캐파를 AI 회로박으로 전환 ,"40,000",41200,-2.91,Buy,한병화,유진투자증권,https://comp.kisline.com/hi/HI0100M010GE.nice?stockcd=020150&nav=1,https://consensus.hankyung.com/analysis/downpdf?report_idx=644695
2025-11-11,두산,000150, 3Q25 Review 신뢰의 도약 3Q25 Review 신뢰의 도약 3Q25 Review 신뢰의 도약 ,"1,370,000",855000,60.23,Buy,이주형,유진투자증권,https://comp.kisline.com/hi/HI0100M010GE.nice?stockcd=000150&nav=1,https://consensus.hankyung.com/analysis/downpdf?report_idx=644693
2025-11-11,더존비즈온,012510, 3Q25P Review 23분기 만에 분기 최고 OPM 달성 3Q25P Review 23분기 만에 분기 최고 OPM 달성 3Q25P Review 23분기 만에 분기 최고 OPM 달성 ,"117,000",93800,24.73,Buy,박종선,유진투자증권,https://comp.kisline.com/hi/HI0100M010GE.nice?stockcd=012510&nav=1,https://consensus.hankyung.com/analysis/downpdf?report_idx=644692
2025-11-11,하이브,352820, 예상보다 큰 초기 투자 비용 예상보다 큰 초기 투자 비용 3Q25 Review 어닝 쇼크 여전히 2026년 실적 기대감 유효 ,"370,000",292000,26.71,Buy,김민영,메리츠증권,https://comp.kisline.com/hi/HI0100M010GE.nice?stockcd=352820&nav=1,https://consensus.hankyung.com/analysis/downpdf?report_idx=644686
2025-11-11,두산,000150, CCL 슈퍼사이클의 중심 CCL 슈퍼사이클의 중심 3분기 예고된 부진 그러나 변함없는 업황 흐름 CCL 수요 논의 종료 슈퍼사이클 시작 ,"1,350,000",855000,57.89,Buy,양승수,메리츠증권,https://comp.kisline.com/hi/HI0100M010GE.nice?stockcd=000150&nav=1,https://consensus.hankyung.com/analysis/downpdf?report_idx=644677
2025-11-11,SK하이닉스,000660, 재평가 여정 Good to Great 1 2 재평가 여정 Good to Great 1 2 Summary 저평가의 딜레마 해소 최적의 환경 조성 ,"910,000",521000,74.66,Buy,김선우,메리츠증권,https://comp.kisline.com/hi/HI0100M010GE.nice?stockcd=000660&nav=1,https://consensus.hankyung.com/analysis/downpdf?report_idx=644675
2025-11-11,하이브,352820, 물 들어올 때 노 젓기 위한 873억원 물 들어올 때 노 젓기 위한 873억원 물 들어올 때 노 젓기 위한 873억원 ,"410,000",292000,40.41,Buy,박수영,한화투자증권,https://comp.kisline.com/hi/HI0100M010GE.nice?stockcd=352820&nav=1,https://consensus.hankyung.com/analysis/downpdf?report_idx=644673
2025-11-11,파라다이스,034230, 3Q 비용이 비용의 CAP이라면 3Q 비용이 비용의 CAP이라면 3Q25 Review 영업이익 395억원 기대치 하회 3Q 비용이 비용의 CAP이라면 ,"28,000",18090,54.78,Buy,박수영,한화투자증권,https://comp.kisline.com/hi/HI0100M010GE.nice?stockcd=034230&nav=1,https://consensus.hankyung.com/analysis/downpdf?report_idx=644672
2025-11-11,코스맥스,192820, 우려스러운 마진 하락 우려스러운 마진 하락 기대치를 하회한 3분기 우려스러운 마진 하락 ,"220,000",174100,26.36,Buy,한유정,한화투자증권,https://comp.kisline.com/hi/HI0100M010GE.nice?stockcd=192820&nav=1,https://consensus.hankyung.com/analysis/downpdf?report_idx=644671
2025-11-11,F&F,383220, F F 3Q25 Review 실적 전망치 상향 기대감은 하향 F F 3Q25 Review 실적 전망치 상향 기대감은 하향 3Q25 Review 실적 전망치 상향 다만 디스커버리 중국 기대감은 하향 ,"94,000",76200,23.36,Buy,이진협,한화투자증권,https://comp.kisline.com/hi/HI0100M010GE.nice?stockcd=383220&nav=1,https://consensus.hankyung.com/analysis/downpdf?report_idx=644669
2025-11-11,삼성SDI,006400, EV 실적부진을상쇄시켜줄ESS의높은성장가능성에주목 EV 실적부진을상쇄시켜줄ESS의높은성장가능성에주목 EV 실적부진을상쇄시켜줄ESS의높은성장가능성에주목 ,"400,000",288500,38.65,Buy,정원석,iM증권,https://comp.kisline.com/hi/HI0100M010GE.nice?stockcd=006400&nav=1,https://consensus.hankyung.com/analysis/downpdf?report_idx=644668
2025-11-11,GS건설,006360, 긴호흡으로정상화구간진입중 긴호흡으로정상화구간진입중 긴호흡으로정상화구간진입중 ,"24,000",18800,27.66,Buy,배세호,iM증권,https://comp.kisline.com/hi/HI0100M010GE.nice?stockcd=006360&nav=1,https://consensus.hankyung.com/analysis/downpdf?report_idx=644667
2025-11-11,현대건설,000720, 2026년뚜렷해질원전성과 여전히매력적인주가 2026년뚜렷해질원전성과 여전히매력적인주가 2026년뚜렷해질원전성과 여전히매력적인주가 ,"90,000",59300,51.77,Buy,배세호,iM증권,https://comp.kisline.com/hi/HI0100M010GE.nice?stockcd=000720&nav=1,https://consensus.hankyung.com/analysis/downpdf?report_idx=644665
2025-11-11,HDC현대산업개발,294870, 본격화되는이익증가사이클 본격화되는이익증가사이클 본격화되는이익증가사이클 ,"28,000",20300,37.93,Buy,배세호,iM증권,https://comp.kisline.com/hi/HI0100M010GE.nice?stockcd=294870&nav=1,https://consensus.hankyung.com/analysis/downpdf?report_idx=644664
2025-11-11,DL이앤씨,375500, 주택수익성개선세는긍정적이나 플랜트수주필요 주택수익성개선세는긍정적이나 플랜트수주필요 주택수익성개선세는긍정적이나 플랜트수주필요 ,"52,000",39200,32.65,Buy,정원석,iM증권,https://comp.kisline.com/hi/HI0100M010GE.nice?stockcd=375500&nav=1,https://consensus.hankyung.com/analysis/downpdf?report_idx=644663
2025-11-11,하이브,352820, 예상보다 더 부진한 실적 그럼에도 불구하고 예상보다 더 부진한 실적 그럼에도 불구하고 예상보다 더 부진한 실적 그럼에도 불구하고 ,"400,000",292000,36.99,Buy,황지원,iM증권,https://comp.kisline.com/hi/HI0100M010GE.nice?stockcd=352820&nav=1,https://consensus.hankyung.com/analysis/downpdf?report_idx=644658
2025-11-11,롯데에너지머티리얼즈,020150, AI 밸류체인 진입 기판 소재 탈중국 반사수혜 AI 밸류체인 진입 기판 소재 탈중국 반사수혜 AI 밸류체인 진입 기판 소재 탈중국 반사수혜 ,"44,500",41200,8.01,매수,박형우,SK증권,https://comp.kisline.com/hi/HI0100M010GE.nice?stockcd=020150&nav=1,https://consensus.hankyung.com/analysis/downpdf?report_idx=644656
2025-11-11,F&F,383220, F F 중국 성장 견조 F F 중국 성장 견조 중국 성장 견조 ,"90,000",76200,18.11,매수,형권훈,SK증권,https://comp.kisline.com/hi/HI0100M010GE.nice?stockcd=383220&nav=1,https://consensus.hankyung.com/analysis/downpdf?report_idx=644655
2025-11-11,코스맥스,192820, 흔들린 수익성 흔들린 수익성 흔들린 수익성 ,"240,000",174100,37.85,매수,형권훈,SK증권,https://comp.kisline.com/hi/HI0100M010GE.nice?stockcd=192820&nav=1,https://consensus.hankyung.com/analysis/downpdf?report_idx=644654
2025-11-11,클래시스,214150, 이제는 정상화의 시간 feat 브라질 실적 밸류에이션 이제는 정상화의 시간 feat 브라질 실적 밸류에이션 이제는 정상화의 시간 feat 브라질 실적 밸류에이션 ,"65,000",55300,17.54,Buy,조은애,LS증권,https://comp.kisline.com/hi/HI0100M010GE.nice?stockcd=214150&nav=1,https://consensus.hankyung.com/analysis/downpdf?report_idx=644652
2025-11-11,코스맥스,192820, 3Q25 Review 마진 가시성 하락 3Q25 Review 마진 가시성 하락 3Q25 Review 마진 가시성 하락 ,"250,000",174100,43.6,Buy,오린아,LS증권,https://comp.kisline.com/hi/HI0100M010GE.nice?stockcd=192820&nav=1,https://consensus.hankyung.com/analysis/downpdf?report_idx=644650
2025-11-11,KCC,002380, OPM 8 견조한 실적 영업외손익에서 기대 OPM 8 견조한 실적 영업외손익에서 기대 OPM 8 견조한 실적 영업외손익에서 기대 ,"516,000",400500,28.84,Buy,정경희,LS증권,https://comp.kisline.com/hi/HI0100M010GE.nice?stockcd=002380&nav=1,https://consensus.hankyung.com/analysis/downpdf?report_idx=644649
2025-11-10,신세계,004170, 2026년을 보고 베팅할 시점 2026년을 보고 베팅할 시점 3분기 실적 Review 2026년부터 펀더멘탈 개선은 확실 ,"250,000",228000,9.65,Buy,남성현,IBK투자증권,https://comp.kisline.com/hi/HI0100M010GE.nice?stockcd=004170&nav=1,https://consensus.hankyung.com/analysis/downpdf?report_idx=644646
2025-11-10,롯데에너지머티리얼즈,020150, AI와 ESS로 어플리케이션 다변화 AI와 ESS로 어플리케이션 다변화 25년 3분기 EV는 하락세 25년 4분기 어플리케이션 다변화 ,"32,000",41200,-22.33,TradingBuy,이현욱,IBK투자증권,https://comp.kisline.com/hi/HI0100M010GE.nice?stockcd=020150&nav=1,https://consensus.hankyung.com/analysis/downpdf?report_idx=644644
2025-11-10,한국타이어앤테크놀로지,161390, 3Q25 Review 마진 확대 구간 진입 3Q25 Review 마진 확대 구간 진입 3Q25 매출액 영업이익 기대치 상회 믹스 개선 효과 긍정적 인플레이션 우려 해소 입증 ,"63,000",57900,8.81,Buy,김성래,한화투자증권,https://comp.kisline.com/hi/HI0100M010GE.nice?stockcd=161390&nav=1,https://consensus.hankyung.com/analysis/downpdf?report_idx=644636
2025-11-10,신세계,004170, 3Q25 Review Godfather of Luxury Retailer 3Q25 Review Godfather of Luxury Retailer 3Q25 Review 백화점 호조에 더해 리뉴얼 효과 가미될 전망 ,"250,000",228000,9.65,Buy,이진협,한화투자증권,https://comp.kisline.com/hi/HI0100M010GE.nice?stockcd=004170&nav=1,https://consensus.hankyung.com/analysis/downpdf?report_idx=644631
2025-11-10,와이지엔터테인먼트,122870, 높아진 기대치 대비 다소 아쉬운 실적 높아진 기대치 대비 다소 아쉬운 실적 높아진 기대치 대비 다소 아쉬운 실적 ,"120,000",60700,97.69,Buy,황지원,iM증권,https://comp.kisline.com/hi/HI0100M010GE.nice?stockcd=122870&nav=1,https://consensus.hankyung.com/analysis/downpdf?report_idx=644628
2025-11-10,지역난방공사,071320, 열과 전력 모두 서프라이즈 열과 전력 모두 서프라이즈 열과 전력 모두 서프라이즈 ,"156,000",104000,50.0,Buy,"전유진,장호",iM증권,https://comp.kisline.com/hi/HI0100M010GE.nice?stockcd=071320&nav=1,https://consensus.hankyung.com/analysis/downpdf?report_idx=644627
2025-11-10,두산에너빌리티,034020, 매년 신규수주 14조원 이상 시대를 열다 밸류 UP 매년 신규수주 14조원 이상 시대를 열다 밸류 UP 매년 신규수주 14조원 이상 시대를 열다 밸류 UP ,0,73100,,nr,"이상헌,장호",iM증권,https://comp.kisline.com/hi/HI0100M010GE.nice?stockcd=034020&nav=1,https://consensus.hankyung.com/analysis/downpdf?report_idx=644625
2025-11-10,LG이노텍,011070, NDR 후기 패키지기판 추가 업사이드 NDR 후기 패키지기판 추가 업사이드 NDR 후기 패키지기판 추가 업사이드 ,"320,000",231000,38.53,Buy,고의영,iM증권,https://comp.kisline.com/hi/HI0100M010GE.nice?stockcd=011070&nav=1,https://consensus.hankyung.com/analysis/downpdf?report_idx=644621
2025-11-10,유니셈,036200, 부대 장비지만 필수야 부대 장비지만 필수야 부대 장비지만 필수야 ,"15,000",9270,61.81,매수,이동주,SK증권,https://comp.kisline.com/hi/HI0100M010GE.nice?stockcd=036200&nav=1,https://consensus.hankyung.com/analysis/downpdf?report_idx=644618
2025-11-10,이오테크닉스,039030, 캐시카우는 상단을 열고 신규 장비는 새로 붙고 캐시카우는 상단을 열고 신규 장비는 새로 붙고 캐시카우는 상단을 열고 신규 장비는 새로 붙고 ,"330,000",248000,33.06,매수,이동주,SK증권,https://comp.kisline.com/hi/HI0100M010GE.nice?stockcd=039030&nav=1,https://consensus.hankyung.com/analysis/downpdf?report_idx=644617
2025-11-10,원익IPS,240810, Keep Going Keep Going Keep Going ,"90,000",56700,58.73,매수,이동주,SK증권,https://comp.kisline.com/hi/HI0100M010GE.nice?stockcd=240810&nav=1,https://consensus.hankyung.com/analysis/downpdf?report_idx=644616
2025-11-10,카카오,035720, 톡 개편 AI New Normal의 시작 톡 개편 AI New Normal의 시작 톡 개편 AI New Normal의 시작 ,"87,000",58700,48.21,매수,남효지,SK증권,https://comp.kisline.com/hi/HI0100M010GE.nice?stockcd=035720&nav=1,https://consensus.hankyung.com/analysis/downpdf?report_idx=644614
2025-11-10,LG전자,066570, 이제는 AI 주식 이어야 한다 이제는 AI 주식 이어야 한다 이제는 AI 주식 이어야 한다 ,"115,000",86400,33.1,매수,박형우,SK증권,https://comp.kisline.com/hi/HI0100M010GE.nice?stockcd=066570&nav=1,https://consensus.hankyung.com/analysis/downpdf?report_idx=644611
2025-11-10,한국타이어앤테크놀로지,161390, 판가 관세 판가 관세 판가 관세 ,"62,000",57900,7.08,Buy,이병근,LS증권,https://comp.kisline.com/hi/HI0100M010GE.nice?stockcd=161390&nav=1,https://consensus.hankyung.com/analysis/downpdf?report_idx=644604
2025-11-10,한전기술,052690, 3Q25 Surprise 중장기 글로벌 원전 확대 방향성 3Q25 Surprise 중장기 글로벌 원전 확대 방향성 3Q25 Surprise 중장기 글로벌 원전 확대 방향성 ,"130,000",88900,46.23,Buy,성종화,LS증권,https://comp.kisline.com/hi/HI0100M010GE.nice?stockcd=052690&nav=1,https://consensus.hankyung.com/analysis/downpdf?report_idx=644603
2025-11-10,신세계,004170, 3Q25 Review 개선 국면 돌입 3Q25 Review 개선 국면 돌입 3Q25 Review 개선 국면 돌입 ,"240,000",228000,5.26,Buy,오린아,LS증권,https://comp.kisline.com/hi/HI0100M010GE.nice?stockcd=004170&nav=1,https://consensus.hankyung.com/analysis/downpdf?report_idx=644602
2025-11-07,에이피알,278470, 남다른 체급 남다른 체급 남다른 체급 ,"320,000",238000,34.45,매수,형권훈,SK증권,https://comp.kisline.com/hi/HI0100M010GE.nice?stockcd=278470&nav=1,https://consensus.hankyung.com/analysis/downpdf?report_idx=644601
2025-11-07,아모레퍼시픽,090430, 코스알엑스만 턴어라운드 한다면 코스알엑스만 턴어라운드 한다면 코스알엑스만 턴어라운드 한다면 ,"150,000",134400,11.61,매수,형권훈,SK증권,https://comp.kisline.com/hi/HI0100M010GE.nice?stockcd=090430&nav=1,https://consensus.hankyung.com/analysis/downpdf?report_idx=644600
2025-11-07,넷마블,251270, 괜한 실적 걱정이었다 괜한 실적 걱정이었다 괜한 실적 걱정이었다 ,"79,000",51900,52.22,매수,남효지,SK증권,https://comp.kisline.com/hi/HI0100M010GE.nice?stockcd=251270&nav=1,https://consensus.hankyung.com/analysis/downpdf?report_idx=644598
2025-11-07,KT&G,033780, KT G 기대 이상의 담배 사업 실적 KT G 기대 이상의 담배 사업 실적 기대 이상의 담배 사업 실적 ,"185,000",145600,27.06,Buy,박성호,LS증권,https://comp.kisline.com/hi/HI0100M010GE.nice?stockcd=033780&nav=1,https://consensus.hankyung.com/analysis/downpdf?report_idx=644596
2025-11-07,롯데칠성,005300, 국내 사업 이익 개선 국내 사업 이익 개선 국내 사업 이익 개선 ,"160,000",124600,28.41,Buy,박성호,LS증권,https://comp.kisline.com/hi/HI0100M010GE.nice?stockcd=005300&nav=1,https://consensus.hankyung.com/analysis/downpdf?report_idx=644595
2025-11-07,DL이앤씨,375500, 흔들리는 돌다리 흔들리는 돌다리 흔들리는 돌다리 ,"45,000",39200,14.8,Hold,김세련,LS증권,https://comp.kisline.com/hi/HI0100M010GE.nice?stockcd=375500&nav=1,https://consensus.hankyung.com/analysis/downpdf?report_idx=644594
2025-11-07,GS건설,006360, NDR 후기 안정적 펀더멘탈 재확인 NDR 후기 안정적 펀더멘탈 재확인 NDR 후기 안정적 펀더멘탈 재확인 ,"27,000",18800,43.62,Buy,김세련,LS증권,https://comp.kisline.com/hi/HI0100M010GE.nice?stockcd=006360&nav=1,https://consensus.hankyung.com/analysis/downpdf?report_idx=644593
2025-11-07,LIG넥스원,079550, 3Q25 Review 호실적 시현했으나 4분기가 고비 3Q25 Review 호실적 시현했으나 4분기가 고비 3Q25 Review 호실적 시현했으나 4분기가 고비 ,"560,000",402000,39.3,Buy,최정환,LS증권,https://comp.kisline.com/hi/HI0100M010GE.nice?stockcd=079550&nav=1,https://consensus.hankyung.com/analysis/downpdf?report_idx=644591
2025-11-07,에이피알,278470, 더 높아진 이익 성장의 가시성 더 높아진 이익 성장의 가시성 더 높아진 이익 성장의 가시성 ,"320,000",238000,34.45,Buy,조은애,LS증권,https://comp.kisline.com/hi/HI0100M010GE.nice?stockcd=278470&nav=1,https://consensus.hankyung.com/analysis/downpdf?report_idx=644589
2025-11-07,아모레퍼시픽,090430, 3Q25 Review 민첩성 탑재 완료 3Q25 Review 민첩성 탑재 완료 3Q25 Review 민첩성 탑재 완료 ,"150,000",134400,11.61,Buy,오린아,LS증권,https://comp.kisline.com/hi/HI0100M010GE.nice?stockcd=090430&nav=1,https://consensus.hankyung.com/analysis/downpdf?report_idx=644587
2025-11-07,LIG넥스원,079550, 3Q25 좋은데 단기 모멘텀은 다소 부재 3Q25 좋은데 단기 모멘텀은 다소 부재 3Q25 좋은데 단기 모멘텀은 다소 부재 ,"535,000",402000,33.08,Hold,변용진,iM증권,https://comp.kisline.com/hi/HI0100M010GE.nice?stockcd=079550&nav=1,https://consensus.hankyung.com/analysis/downpdf?report_idx=644586
2025-11-07,넷마블,251270, 실적도 좋고 신작도 좋고 실적도 좋고 신작도 좋고 실적도 좋고 신작도 좋고 ,"70,000",51900,34.87,Buy,정의훈,유진투자증권,https://comp.kisline.com/hi/HI0100M010GE.nice?stockcd=251270&nav=1,https://consensus.hankyung.com/analysis/downpdf?report_idx=644575
2025-11-07,CJ ENM,035760, 천천히 바닥을 다지는 중 천천히 바닥을 다지는 중 천천히 바닥을 다지는 중 ,"90,000",64500,39.53,Buy,이현지,유진투자증권,https://comp.kisline.com/hi/HI0100M010GE.nice?stockcd=035760&nav=1,https://consensus.hankyung.com/analysis/downpdf?report_idx=644573
2025-11-07,롯데칠성,005300, 가볍게 맞이할 새해 가볍게 맞이할 새해 기대치를 상회한 3분기 기대치를 하회할 4분기 ,"160,000",124600,28.41,Buy,한유정,한화투자증권,https://comp.kisline.com/hi/HI0100M010GE.nice?stockcd=005300&nav=1,https://consensus.hankyung.com/analysis/downpdf?report_idx=644568
2025-11-07,LIG넥스원,079550, 3Q25 Review 담보된 성장을 차근차근 실현해 나가는 중 3Q25 Review 담보된 성장을 차근차근 실현해 나가는 중 3Q25 Review 영업이익 시장 기대치 상회 담보된 성장을 차근차근 실현해 나가는 중 ,"740,000",402000,84.08,Buy,배성조,한화투자증권,https://comp.kisline.com/hi/HI0100M010GE.nice?stockcd=079550&nav=1,https://consensus.hankyung.com/analysis/downpdf?report_idx=644567
2025-11-07,CJ ENM,035760, 콘텐츠 화제성에 비해 아쉬운 실적 콘텐츠 화제성에 비해 아쉬운 실적 3Q25 실적은 시장 기대치 큰 폭 하회 성숙기를 넘어선 OTT 시장 내 티빙의 전략 구체화 필요 ,"72,000",64500,11.63,Buy,김소혜,한화투자증권,https://comp.kisline.com/hi/HI0100M010GE.nice?stockcd=035760&nav=1,https://consensus.hankyung.com/analysis/downpdf?report_idx=644565
2025-11-07,KT&G,033780, KT G 눈높이 상향으로 보는 자신감 KT G 눈높이 상향으로 보는 자신감 눈높이 상향으로 보는 자신감 ,"175,000",145600,20.19,Buy,이경신,iM증권,https://comp.kisline.com/hi/HI0100M010GE.nice?stockcd=033780&nav=1,https://consensus.hankyung.com/analysis/downpdf?report_idx=644563
2025-11-07,롯데칠성,005300, 제한적인 성수기 효과의 아쉬움 해외로 일부 상쇄 제한적인 성수기 효과의 아쉬움 해외로 일부 상쇄 제한적인 성수기 효과의 아쉬움 해외로 일부 상쇄 ,"150,000",124600,20.39,Buy,이경신,iM증권,https://comp.kisline.com/hi/HI0100M010GE.nice?stockcd=005300&nav=1,https://consensus.hankyung.com/analysis/downpdf?report_idx=644561
2025-11-06,두산에너빌리티,034020, 목 말랐던 목표주가 상향 근거 발생 목 말랐던 목표주가 상향 근거 발생 목 말랐던 목표주가 상향 근거 발생 ,"110,000",73100,50.48,Buy,허민호,대신증권,https://comp.kisline.com/hi/HI0100M010GE.nice?stockcd=034020&nav=1,https://consensus.hankyung.com/analysis/downpdf?report_idx=644560
2025-11-06,유한양행,000100, 레이저티닙 모멘텀 유효 차세대 성장축은 비만 MASH 레이저티닙 모멘텀 유효 차세대 성장축은 비만 MASH 레이저티닙 모멘텀 유효 차세대 성장축은 비만 MASH ,"180,000",116700,54.24,Buy,이희영,대신증권,https://comp.kisline.com/hi/HI0100M010GE.nice?stockcd=000100&nav=1,https://consensus.hankyung.com/analysis/downpdf?report_idx=644559
2025-11-06,한국항공우주,047810, 곧 성장 궤도에 들어설 것 곧 성장 궤도에 들어설 것 곧 성장 궤도에 들어설 것 ,"120,000",106600,12.57,Buy,이태환,대신증권,https://comp.kisline.com/hi/HI0100M010GE.nice?stockcd=047810&nav=1,https://consensus.hankyung.com/analysis/downpdf?report_idx=644558
2025-11-06,NAVER,035420, 본업 건강하고 그림도 예쁘다 본업 건강하고 그림도 예쁘다 본업 건강하고 그림도 예쁘다 ,"410,000",262500,56.19,Buy,이효진,메리츠증권,https://comp.kisline.com/hi/HI0100M010GE.nice?stockcd=035420&nav=1,https://consensus.hankyung.com/analysis/downpdf?report_idx=644556
2025-11-06,두산에너빌리티,034020, 3Q25 Review 시작된 증설 3Q25 Review 시작된 증설 3Q25 Review 시작된 증설 ,"102,000",73100,39.53,Buy,문경원,메리츠증권,https://comp.kisline.com/hi/HI0100M010GE.nice?stockcd=034020&nav=1,https://consensus.hankyung.com/analysis/downpdf?report_idx=644555
2025-11-06,한화솔루션,009830, 2026년 글로벌 태양광 시장 흐림 2026년 글로벌 태양광 시장 흐림 2026년 글로벌 태양광 시장 흐림 ,"30,000",26700,12.36,Buy,"황규원,서석준",유안타증권,https://comp.kisline.com/hi/HI0100M010GE.nice?stockcd=009830&nav=1,https://consensus.hankyung.com/analysis/downpdf?report_idx=644542
2025-11-06,NAVER,035420, AI를 통한 성장성 제고 AI를 통한 성장성 제고 AI를 통한 성장성 제고 ,"360,000",262500,37.14,Buy,이창영,유안타증권,https://comp.kisline.com/hi/HI0100M010GE.nice?stockcd=035420&nav=1,https://consensus.hankyung.com/analysis/downpdf?report_idx=644539
2025-11-06,산일전기,062040, 쇼크처럼 보이지만 서프입니다 쇼크처럼 보이지만 서프입니다 쇼크처럼 보이지만 서프입니다 ,"200,000",132300,51.17,Buy,"손현정,김고은",유안타증권,https://comp.kisline.com/hi/HI0100M010GE.nice?stockcd=062040&nav=1,https://consensus.hankyung.com/analysis/downpdf?report_idx=644537
2025-11-06,한국항공우주,047810, 3Q25 Review 예정된 부진 예고된 성장 3Q25 Review 예정된 부진 예고된 성장 3Q25 Review 예정된 부진 예고된 성장 ,"135,000",106600,26.64,Buy,백종민,유안타증권,https://comp.kisline.com/hi/HI0100M010GE.nice?stockcd=047810&nav=1,https://consensus.hankyung.com/analysis/downpdf?report_idx=644536
2025-11-06,에스엠,041510, 또다시 변화가 필요한 시점 또다시 변화가 필요한 시점 또다시 변화가 필요한 시점 ,"150,000",102000,47.06,Buy,박수영,한화투자증권,https://comp.kisline.com/hi/HI0100M010GE.nice?stockcd=041510&nav=1,https://consensus.hankyung.com/analysis/downpdf?report_idx=644528
2025-11-06,에스엠,041510, 또다시 변화가 필요한 시점 또다시 변화가 필요한 시점 또다시 변화가 필요한 시점 ,"150,000",102000,47.06,Buy,박수영,한화투자증권,https://comp.kisline.com/hi/HI0100M010GE.nice?stockcd=041510&nav=1,https://consensus.hankyung.com/analysis/downpdf?report_idx=644527
2025-11-06,한화솔루션,009830, 또다시 실망스러운 가이던스 또다시 실망스러운 가이던스 또다시 실망스러운 가이던스 ,"33,000",26700,23.6,Buy,이용욱,한화투자증권,https://comp.kisline.com/hi/HI0100M010GE.nice?stockcd=009830&nav=1,https://consensus.hankyung.com/analysis/downpdf?report_idx=644526
2025-11-06,NAVER,035420, 네이버에 AI가 스며들면 생기는 일 네이버에 AI가 스며들면 생기는 일 네이버에 AI가 스며들면 생기는 일 ,"360,000",262500,37.14,매수,남효지,SK증권,https://comp.kisline.com/hi/HI0100M010GE.nice?stockcd=035420&nav=1,https://consensus.hankyung.com/analysis/downpdf?report_idx=644521
2025-11-06,산일전기,062040, 3Q25 Shock No Surprise 3Q25 Shock No Surprise 3Q25 Shock No Surprise ,"215,000",132300,62.51,Buy,성종화,LS증권,https://comp.kisline.com/hi/HI0100M010GE.nice?stockcd=062040&nav=1,https://consensus.hankyung.com/analysis/downpdf?report_idx=644515
2025-11-06,유한양행,000100, 3Q25 Review 레이저티닙 성장 본격화 기대 3Q25 Review 레이저티닙 성장 본격화 기대 3Q25 Review 레이저티닙 성장 본격화 기대 ,"160,000",116700,37.1,Buy,신지훈,LS증권,https://comp.kisline.com/hi/HI0100M010GE.nice?stockcd=000100&nav=1,https://consensus.hankyung.com/analysis/downpdf?report_idx=644514
2025-11-06,에스엠,041510, 콘서트 매출이 성장 견인 콘서트 매출이 성장 견인 콘서트 매출이 성장 견인 ,"150,000",102000,47.06,Buy,박성호,LS증권,https://comp.kisline.com/hi/HI0100M010GE.nice?stockcd=041510&nav=1,https://consensus.hankyung.com/analysis/downpdf?report_idx=644513
2025-11-06,현대건설,000720, NDR 후기 중장기 성장 포텐셜에 주목 NDR 후기 중장기 성장 포텐셜에 주목 NDR 후기 중장기 성장 포텐셜에 주목 ,"94,000",59300,58.52,Buy,김세련,LS증권,https://comp.kisline.com/hi/HI0100M010GE.nice?stockcd=000720&nav=1,https://consensus.hankyung.com/analysis/downpdf?report_idx=644510
2025-11-06,유한양행,000100, 숨고른 실적 달려나가는 R D 숨고른 실적 달려나가는 R D 숨고른 실적 달려나가는 R D ,"150,000",116700,28.53,Buy,정재원,iM증권,https://comp.kisline.com/hi/HI0100M010GE.nice?stockcd=000100&nav=1,https://consensus.hankyung.com/analysis/downpdf?report_idx=644509
2025-11-06,에스엠,041510, 실적은 좋은데 실적은 좋은데 실적은 좋은데 ,"178,000",102000,74.51,Buy,황지원,iM증권,https://comp.kisline.com/hi/HI0100M010GE.nice?stockcd=041510&nav=1,https://consensus.hankyung.com/analysis/downpdf?report_idx=644508
2025-11-06,한화솔루션,009830, 25년에 이어 26년도 눈높이 하향 조정 필요 25년에 이어 26년도 눈높이 하향 조정 필요 25년에 이어 26년도 눈높이 하향 조정 필요 ,"32,000",26700,19.85,Hold,"전유진,장호",iM증권,https://comp.kisline.com/hi/HI0100M010GE.nice?stockcd=009830&nav=1,https://consensus.hankyung.com/analysis/downpdf?report_idx=644506
2025-11-05,디어유,376300, 속도의 문제 속도의 문제 3Q25 Review 영업이익 기대치 소폭 하회 점진적 우상향 방향은 맞고 단지 속도의 문제 ,"50,000",31950,56.49,Buy,박수영,한화투자증권,https://comp.kisline.com/hi/HI0100M010GE.nice?stockcd=376300&nav=1,https://consensus.hankyung.com/analysis/downpdf?report_idx=644504
2025-11-05,크래프톤,259960, 예상대로 좋았던 PC 아쉬운 모바일 예상대로 좋았던 PC 아쉬운 모바일 3Q25 Review PC 좋았지만 모바일 하회 주가의 반전 위해서는 ,"510,000",253000,101.58,Buy,이효진,메리츠증권,https://comp.kisline.com/hi/HI0100M010GE.nice?stockcd=259960&nav=1,https://consensus.hankyung.com/analysis/downpdf?report_idx=644501
2025-11-05,셀트리온,068270, 오픈 이노베이션을 통한 신약 개발 의지 확인 오픈 이노베이션을 통한 신약 개발 의지 확인 3Q25 Review FDA의 바이오시밀러 개발 절차 간소화 가이드라인 발표 ,"250,000",187400,33.4,Buy,김준영,메리츠증권,https://comp.kisline.com/hi/HI0100M010GE.nice?stockcd=068270&nav=1,https://consensus.hankyung.com/analysis/downpdf?report_idx=644497
2025-11-05,크래프톤,259960, 신작 출시 전까진 PUBG 트래픽 매출이 관건 신작 출시 전까진 PUBG 트래픽 매출이 관건 신작 출시 전까진 PUBG 트래픽 매출이 관건 ,"380,000",253000,50.2,매수,남효지,SK증권,https://comp.kisline.com/hi/HI0100M010GE.nice?stockcd=259960&nav=1,https://consensus.hankyung.com/analysis/downpdf?report_idx=644493
2025-11-05,한화에어로스페이스,012450, 3Q25 Review 유도탄이 쏘아올린 서프라이즈 3Q25 Review 유도탄이 쏘아올린 서프라이즈 3Q25 Review 유도탄이 쏘아올린 서프라이즈 ,"1,250,000",869000,43.84,Buy,최정환,LS증권,https://comp.kisline.com/hi/HI0100M010GE.nice?stockcd=012450&nav=1,https://consensus.hankyung.com/analysis/downpdf?report_idx=644491
2025-11-05,셀트리온,068270, 3Q25 Review 수익성 개선 흐름 지속 3Q25 Review 수익성 개선 흐름 지속 3Q25 Review 수익성 개선 흐름 지속 ,"230,000",187400,22.73,Buy,신지훈,LS증권,https://comp.kisline.com/hi/HI0100M010GE.nice?stockcd=068270&nav=1,https://consensus.hankyung.com/analysis/downpdf?report_idx=644486
2025-11-05,GS건설,006360, 플랜트 신사업이 이끈 호실적 플랜트 신사업이 이끈 호실적 플랜트 신사업이 이끈 호실적 ,"27,000",18800,43.62,Buy,김세련,LS증권,https://comp.kisline.com/hi/HI0100M010GE.nice?stockcd=006360&nav=1,https://consensus.hankyung.com/analysis/downpdf?report_idx=644485
2025-11-05,대덕전자,353200, AI 메모리 수혜 가시화 AI 메모리 수혜 가시화 AI 메모리 수혜 가시화 ,"50,000",47350,5.6,Buy,고의영,iM증권,https://comp.kisline.com/hi/HI0100M010GE.nice?stockcd=353200&nav=1,https://consensus.hankyung.com/analysis/downpdf?report_idx=644482
2025-11-05,GS건설,006360, 수익성은 안정 추세 외형 반등 위한 수주 필요 수익성은 안정 추세 외형 반등 위한 수주 필요 수익성은 안정 추세 외형 반등 위한 수주 필요 ,"24,000",18800,27.66,Buy,배세호,iM증권,https://comp.kisline.com/hi/HI0100M010GE.nice?stockcd=006360&nav=1,https://consensus.hankyung.com/analysis/downpdf?report_idx=644481
2025-11-05,디어유,376300, 속도보다 방향 속도보다 방향 속도보다 방향 ,"53,000",31950,65.88,Buy,황지원,iM증권,https://comp.kisline.com/hi/HI0100M010GE.nice?stockcd=376300&nav=1,https://consensus.hankyung.com/analysis/downpdf?report_idx=644480
2025-11-04,GS건설,006360, 3Q25 Review 새로워진 마진을 눈으로 확인 3Q25 Review 새로워진 마진을 눈으로 확인 3Q25 Review 새로워진 마진을 눈으로 확인 ,"26,000",18800,38.3,Buy,문경원,메리츠증권,https://comp.kisline.com/hi/HI0100M010GE.nice?stockcd=006360&nav=1,https://consensus.hankyung.com/analysis/downpdf?report_idx=644478
2025-11-04,현대로템,064350, 전 세계로 뻗어나가는 K2 전 세계로 뻗어나가는 K2 전 세계로 뻗어나가는 K2 ,"280,000",182800,53.17,Buy,이태환,대신증권,https://comp.kisline.com/hi/HI0100M010GE.nice?stockcd=064350&nav=1,https://consensus.hankyung.com/analysis/downpdf?report_idx=644472
2025-11-04,팬오션,028670, 운영선대 축소로 실적 예상 하회 운영선대 축소로 실적 예상 하회 운영선대 축소로 실적 예상 하회 ,"5,500",3750,46.67,Buy,양지환,대신증권,https://comp.kisline.com/hi/HI0100M010GE.nice?stockcd=028670&nav=1,https://consensus.hankyung.com/analysis/downpdf?report_idx=644470
2025-11-04,HD현대,267250, 분기 사상 최대 실적 시현 분기 사상 최대 실적 시현 분기 사상 최대 실적 시현 ,"260,000",203500,27.76,Buy,양지환,대신증권,https://comp.kisline.com/hi/HI0100M010GE.nice?stockcd=267250&nav=1,https://consensus.hankyung.com/analysis/downpdf?report_idx=644469
2025-11-04,현대차,005380, 미국 전기차 시장 급랭과 기아의 판매 선방 미국 전기차 시장 급랭과 기아의 판매 선방 미국 전기차 시장 급랭과 기아의 판매 선방 ,0,259500,,투자의견없음,윤혁진,SK증권,https://comp.kisline.com/hi/HI0100M010GE.nice?stockcd=005380&nav=1,https://consensus.hankyung.com/analysis/downpdf?report_idx=644467
2025-11-04,S-Oil,010950, S Oil 등 경유 크랙 급등 정제마진 회복세 본격화 S Oil 등 경유 크랙 급등 정제마진 회복세 본격화 등 경유 크랙 급등 정제마진 회복세 본격화 ,"92,000",89700,2.56,매수,이동욱,IBK투자증권,https://comp.kisline.com/hi/HI0100M010GE.nice?stockcd=010950&nav=1,https://consensus.hankyung.com/analysis/downpdf?report_idx=644459
2025-11-04,SK가스,018670, 발전사업부문 영업이익률 30 상회 발전사업부문 영업이익률 30 상회 발전사업부문 영업이익률 30 상회 ,"340,000",258000,31.78,매수,이동욱,IBK투자증권,https://comp.kisline.com/hi/HI0100M010GE.nice?stockcd=018670&nav=1,https://consensus.hankyung.com/analysis/downpdf?report_idx=644458
2025-11-04,SK가스,018670, LNG 밸류체인에서 종횡적 확장이 가장 기대되는 업체 LNG 밸류체인에서 종횡적 확장이 가장 기대되는 업체 LNG 밸류체인에서 종횡적 확장이 가장 기대되는 업체 ,"340,000",258000,31.78,Buy,"전유진,장호",iM증권,https://comp.kisline.com/hi/HI0100M010GE.nice?stockcd=018670&nav=1,https://consensus.hankyung.com/analysis/downpdf?report_idx=644450
2025-11-04,현대로템,064350, 3Q25 폴란드는 주춧돌일 뿐 3Q25 폴란드는 주춧돌일 뿐 3Q25 폴란드는 주춧돌일 뿐 ,"340,000",182800,86.0,Buy,변용진,iM증권,https://comp.kisline.com/hi/HI0100M010GE.nice?stockcd=064350&nav=1,https://consensus.hankyung.com/analysis/downpdf?report_idx=644449
2025-11-04,한화에어로스페이스,012450, 3Q25 서프라이즈는 계속 편히 가져가자 3Q25 서프라이즈는 계속 편히 가져가자 3Q25 서프라이즈는 계속 편히 가져가자 ,"1,380,000",869000,58.8,Buy,변용진,iM증권,https://comp.kisline.com/hi/HI0100M010GE.nice?stockcd=012450&nav=1,https://consensus.hankyung.com/analysis/downpdf?report_idx=644448
2025-11-04,S-Oil,010950, S Oil 정제마진 강세 vs 유가 약세 사이의 고민 S Oil 정제마진 강세 vs 유가 약세 사이의 고민 정제마진 강세 vs 유가 약세 사이의 고민 ,"90,000",89700,0.33,Buy,"전유진,장호",iM증권,https://comp.kisline.com/hi/HI0100M010GE.nice?stockcd=010950&nav=1,https://consensus.hankyung.com/analysis/downpdf?report_idx=644447
2025-11-04,HD현대,267250, 3분기 정유까지 흑자전환 사상최대 실적 3분기 정유까지 흑자전환 사상최대 실적 3분기 정유까지 흑자전환 사상최대 실적 ,"309,000",203500,51.84,Buy,정경희,LS증권,https://comp.kisline.com/hi/HI0100M010GE.nice?stockcd=267250&nav=1,https://consensus.hankyung.com/analysis/downpdf?report_idx=644446
2025-11-04,현대로템,064350, 3Q25 Review 폴란드 1차에 곁들여진 2차 매출 3Q25 Review 폴란드 1차에 곁들여진 2차 매출 3Q25 Review 폴란드 1차에 곁들여진 2차 매출 ,"290,000",182800,58.64,Buy,최정환,LS증권,https://comp.kisline.com/hi/HI0100M010GE.nice?stockcd=064350&nav=1,https://consensus.hankyung.com/analysis/downpdf?report_idx=644443
2025-11-04,팬오션,028670, 3Q25 Review 효자가 되어가는 LNG 3Q25 Review 효자가 되어가는 LNG 3Q25 Review 효자가 되어가는 LNG ,"5,000",3750,33.33,Buy,이재혁,LS증권,https://comp.kisline.com/hi/HI0100M010GE.nice?stockcd=028670&nav=1,https://consensus.hankyung.com/analysis/downpdf?report_idx=644442
2025-11-04,한화에어로스페이스,012450, 높아진 기저에도 선방한 실적 높아진 기저에도 선방한 실적 높아진 기저에도 선방한 실적 ,"1,280,000",869000,47.3,Buy,양승윤,유진투자증권,https://comp.kisline.com/hi/HI0100M010GE.nice?stockcd=012450&nav=1,https://consensus.hankyung.com/analysis/downpdf?report_idx=644439
2025-11-04,S-Oil,010950, S Oil 호황을 반영하지 못하고 있는 주가 S Oil 호황을 반영하지 못하고 있는 주가 호황을 반영하지 못하고 있는 주가 ,"90,000",89700,0.33,Buy,황성현,유진투자증권,https://comp.kisline.com/hi/HI0100M010GE.nice?stockcd=010950&nav=1,https://consensus.hankyung.com/analysis/downpdf?report_idx=644438
2025-11-04,현대로템,064350, 더해지는 자신감 더해지는 자신감 더해지는 자신감 ,"30,000",182800,-83.59,Buy,양승윤,유진투자증권,https://comp.kisline.com/hi/HI0100M010GE.nice?stockcd=064350&nav=1,https://consensus.hankyung.com/analysis/downpdf?report_idx=644435
2025-11-03,현대건설,000720, 내려간 실적 기대감만큼 올라간 원전 기대감 내려간 실적 기대감만큼 올라간 원전 기대감 내려간 실적 기대감만큼 올라간 원전 기대감 ,"90,000",59300,51.77,Buy,배세호,iM증권,https://comp.kisline.com/hi/HI0100M010GE.nice?stockcd=000720&nav=1,https://consensus.hankyung.com/analysis/downpdf?report_idx=644433
2025-11-03,한화시스템,272210, 3Q25 필리 조선소와 단독수출의 밝은 미래 3Q25 필리 조선소와 단독수출의 밝은 미래 3Q25 필리 조선소와 단독수출의 밝은 미래 ,"76,000",48600,56.38,Buy,변용진,iM증권,https://comp.kisline.com/hi/HI0100M010GE.nice?stockcd=272210&nav=1,https://consensus.hankyung.com/analysis/downpdf?report_idx=644430
2025-11-03,LG전자,066570, 가장 큰 고비를 넘긴 듯 가장 큰 고비를 넘긴 듯 가장 큰 고비를 넘긴 듯 ,"110,000",86400,27.31,Buy,고의영,iM증권,https://comp.kisline.com/hi/HI0100M010GE.nice?stockcd=066570&nav=1,https://consensus.hankyung.com/analysis/downpdf?report_idx=644428
2025-11-03,삼성물산,028260, 원전 바이오 지배구조로 밸류 성장성 가속화 원전 바이오 지배구조로 밸류 성장성 가속화 원전 바이오 지배구조로 밸류 성장성 가속화 ,"285,000",216000,31.94,Buy,"이상헌,장호",iM증권,https://comp.kisline.com/hi/HI0100M010GE.nice?stockcd=028260&nav=1,https://consensus.hankyung.com/analysis/downpdf?report_idx=644424
2025-11-03,LG화학,051910, 26년 실적 개선과 LGES 지분 추가 활용에 주목 26년 실적 개선과 LGES 지분 추가 활용에 주목 26년 실적 개선과 LGES 지분 추가 활용에 주목 ,"500,000",367000,36.24,Buy,"전유진,장호",iM증권,https://comp.kisline.com/hi/HI0100M010GE.nice?stockcd=051910&nav=1,https://consensus.hankyung.com/analysis/downpdf?report_idx=644422
2025-11-03,기아,000270, 3Q25 Review 관세 15 와 신차 확대로 26년 실적 우상향 3Q25 Review 관세 15 와 신차 확대로 26년 실적 우상향 매출액은 추정치 부합 영업이익과 순이익은 큰 폭 하회 관세 15 와 신차 기반 물량 확대로 26년부터 실적 우상향 기대 ,"135,000",114000,18.42,Buy,김성래,한화투자증권,https://comp.kisline.com/hi/HI0100M010GE.nice?stockcd=000270&nav=1,https://consensus.hankyung.com/analysis/downpdf?report_idx=644419
2025-11-03,LG화학,051910, 어려운 영업환경에도 LGES 지분 활용 기대감 어려운 영업환경에도 LGES 지분 활용 기대감 3분기 생명과학 화학 부문의 호실적 부진한 양극재 4분기 어려운 영업환경 지속 목표주가 47만 원으로 상향 투자의견 BUY 유지 ,"470,000",367000,28.07,Buy,이용욱,한화투자증권,https://comp.kisline.com/hi/HI0100M010GE.nice?stockcd=051910&nav=1,https://consensus.hankyung.com/analysis/downpdf?report_idx=644415
2025-11-03,LS,006260, 실적 저점 통과 배당수익률 5 4 실적 저점 통과 배당수익률 5 4 실적 저점 통과 배당수익률 5 4 ,"150,000",182200,-17.67,Buy,이병근,LS증권,https://comp.kisline.com/hi/HI0100M010GE.nice?stockcd=006260&nav=1,https://consensus.hankyung.com/analysis/downpdf?report_idx=644411
2025-11-03,한화시스템,272210, 3Q25 Review 견고한 본업 필리조선소 적자 지속 3Q25 Review 견고한 본업 필리조선소 적자 지속 3Q25 Review 견고한 본업 필리조선소 적자 지속 ,"69,000",48600,41.98,Buy,최정환,LS증권,https://comp.kisline.com/hi/HI0100M010GE.nice?stockcd=272210&nav=1,https://consensus.hankyung.com/analysis/downpdf?report_idx=644410
2025-11-03,현대모비스,012330, 안정적인 수익성에 신사업을 더해서 안정적인 수익성에 신사업을 더해서 안정적인 수익성에 신사업을 더해서 ,"380,000",296000,28.38,Buy,이병근,LS증권,https://comp.kisline.com/hi/HI0100M010GE.nice?stockcd=012330&nav=1,https://consensus.hankyung.com/analysis/downpdf?report_idx=644409
2025-11-03,효성중공업,298040, 2개 분기 연속 Super Surprise 2개 분기 연속 Super Surprise 2개 분기 연속 Super Surprise ,"2,820,000",1910000,47.64,Buy,성종화,LS증권,https://comp.kisline.com/hi/HI0100M010GE.nice?stockcd=298040&nav=1,https://consensus.hankyung.com/analysis/downpdf?report_idx=644407
2025-11-03,현대건설,000720, 실적의 그늘을 비추는 원전의 빛 실적의 그늘을 비추는 원전의 빛 실적의 그늘을 비추는 원전의 빛 ,"94,000",59300,58.52,Buy,김세련,LS증권,https://comp.kisline.com/hi/HI0100M010GE.nice?stockcd=000720&nav=1,https://consensus.hankyung.com/analysis/downpdf?report_idx=644406
2025-11-03,현대모비스,012330, 안정적인 수익력을 보여주는 실적 안정적인 수익력을 보여주는 실적 안정적인 수익력을 보여주는 실적 ,"390,000",296000,31.76,매수,윤혁진,SK증권,https://comp.kisline.com/hi/HI0100M010GE.nice?stockcd=012330&nav=1,https://consensus.hankyung.com/analysis/downpdf?report_idx=644397
2025-11-03,효성중공업,298040, 중공업 사업부 실적개선 이어진다 중공업 사업부 실적개선 이어진다 중공업 사업부 실적개선 이어진다 ,"2,500,000",1910000,30.89,매수,나민식,SK증권,https://comp.kisline.com/hi/HI0100M010GE.nice?stockcd=298040&nav=1,https://consensus.hankyung.com/analysis/downpdf?report_idx=644395
2025-10-31,한미약품,128940, 아쉬운 실적 풍부한 모멘텀 아쉬운 실적 풍부한 모멘텀 아쉬운 실적 풍부한 모멘텀 ,"460,000",445500,3.25,Buy,정재원,iM증권,https://comp.kisline.com/hi/HI0100M010GE.nice?stockcd=128940&nav=1,https://consensus.hankyung.com/analysis/downpdf?report_idx=644394
2025-10-31,삼성전자,005930, HBM4 인증 통과 시 경쟁사 대비 큰 폭의 실적 개선 가능 HBM4 인증 통과 시 경쟁사 대비 큰 폭의 실적 개선 가능 HBM4 인증 통과 시 경쟁사 대비 큰 폭의 실적 개선 가능 ,"135,000",94800,42.41,Buy,송명섭,iM증권,https://comp.kisline.com/hi/HI0100M010GE.nice?stockcd=005930&nav=1,https://consensus.hankyung.com/analysis/downpdf?report_idx=644393
2025-10-31,LG이노텍,011070, 아직도 PBR 1 0배 미만 아직도 PBR 1 0배 미만 아직도 PBR 1 0배 미만 ,"275,000",231000,19.05,Buy,고의영,iM증권,https://comp.kisline.com/hi/HI0100M010GE.nice?stockcd=011070&nav=1,https://consensus.hankyung.com/analysis/downpdf?report_idx=644392
2025-10-31,현대글로비스,086280, 3Q25 Review 불확실성 해소 구간 3Q25 Review 불확실성 해소 구간 3Q25 Review 불확실성 해소 구간 ,"200,000",160300,24.77,Buy,배세호,iM증권,https://comp.kisline.com/hi/HI0100M010GE.nice?stockcd=086280&nav=1,https://consensus.hankyung.com/analysis/downpdf?report_idx=644391
2025-10-31,현대글로비스,086280, 3Q25 Review 불확실성 해소 구간 3Q25 Review 불확실성 해소 구간 3Q25 Review 불확실성 해소 구간 ,"200,000",160300,24.77,Buy,배세호,iM증권,https://comp.kisline.com/hi/HI0100M010GE.nice?stockcd=086280&nav=1,https://consensus.hankyung.com/analysis/downpdf?report_idx=644390
2025-10-31,LG디스플레이,034220, 2026년 OLED 중심의 실적 개선 지속 전망 2026년 OLED 중심의 실적 개선 지속 전망 2026년 OLED 중심의 실적 개선 지속 전망 ,"18,000",12150,48.15,Buy,정원석,iM증권,https://comp.kisline.com/hi/HI0100M010GE.nice?stockcd=034220&nav=1,https://consensus.hankyung.com/analysis/downpdf?report_idx=644388
2025-10-31,LG에너지솔루션,373220, EV 배터리 수요 둔화 Vs ESS 수요 급증 EV 배터리 수요 둔화 Vs ESS 수요 급증 EV 배터리 수요 둔화 Vs ESS 수요 급증 ,"600,000",425500,41.01,Buy,정원석,iM증권,https://comp.kisline.com/hi/HI0100M010GE.nice?stockcd=373220&nav=1,https://consensus.hankyung.com/analysis/downpdf?report_idx=644387
2025-10-31,현대차,005380, 3Q25 Review 관세 15 타결과 신차 사이클 도래 3Q25 Review 관세 15 타결과 신차 사이클 도래 3Q25 매출액 시장 기대치 부합 영업이익 순이익은 상회 관세 15 타결에 따라 26년 2Q 기점으로 실적 턴어라운드 전망 ,"305,000",259500,17.53,Buy,김성래,한화투자증권,https://comp.kisline.com/hi/HI0100M010GE.nice?stockcd=005380&nav=1,https://consensus.hankyung.com/analysis/downpdf?report_idx=644380
2025-10-31,현대글로비스,086280, 3Q25 Review 이익 개선 지속 입항 수수료 부과 우려 부각 3Q25 Review 이익 개선 지속 입항 수수료 부과 우려 부각 3Q25 매출액 시장 기대치 하회 영업이익 순이익은 기대치 부합 해운 이익 개선 상황에서 미국 입항 수수료가 새로운 화두로 부각 ,"200,000",160300,24.77,Buy,김성래,한화투자증권,https://comp.kisline.com/hi/HI0100M010GE.nice?stockcd=086280&nav=1,https://consensus.hankyung.com/analysis/downpdf?report_idx=644378
2025-10-31,LG에너지솔루션,373220, 2년만에 수주잔고 반등 2년만에 수주잔고 반등 3분기 보상금 및 ESS Tesla 수요 호조로 호실적 기록 4분기 단기 실적 악화 불가피 ,"570,000",425500,33.96,Buy,이용욱,한화투자증권,https://comp.kisline.com/hi/HI0100M010GE.nice?stockcd=373220&nav=1,https://consensus.hankyung.com/analysis/downpdf?report_idx=644374
2025-10-31,LS,006260, 우호적 업황과 보유 자사주 가치 우호적 업황과 보유 자사주 가치 우호적 업황과 보유 자사주 가치 ,"255,000",182200,39.96,매수,최관순,SK증권,https://comp.kisline.com/hi/HI0100M010GE.nice?stockcd=006260&nav=1,https://consensus.hankyung.com/analysis/downpdf?report_idx=644366
2025-10-31,삼성물산,028260, 저평가된 자산가치와 자체사업 턴어라운드 저평가된 자산가치와 자체사업 턴어라운드 저평가된 자산가치와 자체사업 턴어라운드 ,"280,000",216000,29.63,매수,최관순,SK증권,https://comp.kisline.com/hi/HI0100M010GE.nice?stockcd=028260&nav=1,https://consensus.hankyung.com/analysis/downpdf?report_idx=644364
2025-10-31,현대차,005380, 26년 신차 골드 사이클과 미국 시장 재편에 준비해야 할 때 26년 신차 골드 사이클과 미국 시장 재편에 준비해야 할 때 26년 신차 골드 사이클과 미국 시장 재편에 준비해야 할 때 ,"330,000",259500,27.17,매수,윤혁진,SK증권,https://comp.kisline.com/hi/HI0100M010GE.nice?stockcd=005380&nav=1,https://consensus.hankyung.com/analysis/downpdf?report_idx=644360
2025-10-31,LG이노텍,011070, 견조한 실적 흐름 AI 성장동력 필요 견조한 실적 흐름 AI 성장동력 필요 견조한 실적 흐름 AI 성장동력 필요 ,"305,000",231000,32.03,매수,박형우,SK증권,https://comp.kisline.com/hi/HI0100M010GE.nice?stockcd=011070&nav=1,https://consensus.hankyung.com/analysis/downpdf?report_idx=644358
2025-10-31,LG디스플레이,034220, 예전의 그런 기업 아닙니다 예전의 그런 기업 아닙니다 예전의 그런 기업 아닙니다 ,"16,500",12150,35.8,매수,권민규,SK증권,https://comp.kisline.com/hi/HI0100M010GE.nice?stockcd=034220&nav=1,https://consensus.hankyung.com/analysis/downpdf?report_idx=644357
2025-10-31,LG에너지솔루션,373220, ESS로 가려지지 않는 북미 EV 쇼크 ESS로 가려지지 않는 북미 EV 쇼크 ESS로 가려지지 않는 북미 EV 쇼크 ,"565,000",425500,32.78,매수,박형우,SK증권,https://comp.kisline.com/hi/HI0100M010GE.nice?stockcd=373220&nav=1,https://consensus.hankyung.com/analysis/downpdf?report_idx=644354
2025-10-30,한온시스템,018880, 3Q25 Review 단기 수익성 개선에 대한 지속성 증명 여부 중요 3Q25 Review 단기 수익성 개선에 대한 지속성 증명 여부 중요 3Q 영업이익 어닝 서프라이즈 순이익 6개 분기 만에 흑자 전환 매출 성장보다는 단기 수익성 개선에 집중 ,"4,400",3535,24.47,Hold,김성래,한화투자증권,https://comp.kisline.com/hi/HI0100M010GE.nice?stockcd=018880&nav=1,https://consensus.hankyung.com/analysis/downpdf?report_idx=644342
2025-10-30,테스,095610, 짙어진 DRAM 색채 짙어진 DRAM 색채 짙어진 DRAM 색채 ,"62,000",38200,62.3,매수,이동주,SK증권,https://comp.kisline.com/hi/HI0100M010GE.nice?stockcd=095610&nav=1,https://consensus.hankyung.com/analysis/downpdf?report_idx=644336
2025-10-30,삼성전기,009150, 국내 1위 MLCC 기판 기업 AI 핵심 부품주 국내 1위 MLCC 기판 기업 AI 핵심 부품주 국내 1위 MLCC 기판 기업 AI 핵심 부품주 ,"305,000",217500,40.23,매수,박형우,SK증권,https://comp.kisline.com/hi/HI0100M010GE.nice?stockcd=009150&nav=1,https://consensus.hankyung.com/analysis/downpdf?report_idx=644334
2025-10-30,LS에코에너지,229640, 신사업 일정 진행상황 주시 진척상황 따라 가치 상향 가능 신사업 일정 진행상황 주시 진척상황 따라 가치 상향 가능 신사업 일정 진행상황 주시 진척상황 따라 가치 상향 가능 ,"57,000",34750,64.03,Buy,성종화,LS증권,https://comp.kisline.com/hi/HI0100M010GE.nice?stockcd=229640&nav=1,https://consensus.hankyung.com/analysis/downpdf?report_idx=644330
2025-10-30,SK하이닉스,000660, 강력한 자신감 표출 강력한 자신감 표출 강력한 자신감 표출 ,"680,000",521000,30.52,Buy,송명섭,iM증권,https://comp.kisline.com/hi/HI0100M010GE.nice?stockcd=000660&nav=1,https://consensus.hankyung.com/analysis/downpdf?report_idx=644329
2025-10-30,삼성전기,009150, MLCC 업황 지속성 풀가동 절제된 자본지출 제한된 신규 진입 MLCC 업황 지속성 풀가동 절제된 자본지출 제한된 신규 진입 MLCC 업황 지속성 풀가동 절제된 자본지출 제한된 신규 진입 ,"280,000",217500,28.74,Buy,고의영,iM증권,https://comp.kisline.com/hi/HI0100M010GE.nice?stockcd=009150&nav=1,https://consensus.hankyung.com/analysis/downpdf?report_idx=644328
2025-10-29,두산,000150, 상단 확장 국면 진입 상단 확장 국면 진입 적정주가 100만원으로 상향 높아지는 4분기 최대 실적 달성 가시성 ,"1,000,000",855000,16.96,Buy,양승수,메리츠증권,https://comp.kisline.com/hi/HI0100M010GE.nice?stockcd=000150&nav=1,https://consensus.hankyung.com/analysis/downpdf?report_idx=644319
2025-10-29,POSCO홀딩스,005490, E C 불확실성 해소 국면 2026년 철강 업황 개선에 주목 E C 불확실성 해소 국면 2026년 철강 업황 개선에 주목 3Q25 Review 철강과 이차전지소재가 견인한 컨센서스 상회 4Q25 Preview 숨 고르기 진입 2026년 실적 개선에 주목 ,"380,000",310500,22.38,Buy,장재혁,메리츠증권,https://comp.kisline.com/hi/HI0100M010GE.nice?stockcd=005490&nav=1,https://consensus.hankyung.com/analysis/downpdf?report_idx=644317
2025-10-29,삼성물산,028260, 어느 것 하나 놓칠 수 없지 어느 것 하나 놓칠 수 없지 3Q25 Review 영업이익 시장 기대치 25 상회 어느 것 하나 놓칠 수 없다 실적 주주환원 모멘텀 ,"270,000",216000,25.0,Buy,송유림,한화투자증권,https://comp.kisline.com/hi/HI0100M010GE.nice?stockcd=028260&nav=1,https://consensus.hankyung.com/analysis/downpdf?report_idx=644315
2025-10-29,삼성SDI,006400, ESS 기대감이 반영되는 시기 ESS 기대감이 반영되는 시기 3분기 보상금 지연과 수요 부진으로 컨센서스 하회 4분기 이연된 보상금 효과로 적자 폭 개선 ,"360,000",288500,24.78,Buy,이용욱,한화투자증권,https://comp.kisline.com/hi/HI0100M010GE.nice?stockcd=006400&nav=1,https://consensus.hankyung.com/analysis/downpdf?report_idx=644314
2025-10-29,비에이치아이,083650, 가스터빈수요가늘어나면주목받을기업 가스터빈수요가늘어나면주목받을기업 가스터빈수요가늘어나면주목받을기업 ,0,42900,,NotRated,나민식,SK증권,https://comp.kisline.com/hi/HI0100M010GE.nice?stockcd=083650&nav=1,https://consensus.hankyung.com/analysis/downpdf?report_idx=644309
2025-10-29,SNT에너지,100840, 천연가스의귀환 에어쿨러와HRSG로답하다 천연가스의귀환 에어쿨러와HRSG로답하다 천연가스의귀환 에어쿨러와HRSG로답하다 ,0,38050,,NotRated,나민식,SK증권,https://comp.kisline.com/hi/HI0100M010GE.nice?stockcd=100840&nav=1,https://consensus.hankyung.com/analysis/downpdf?report_idx=644308
2025-10-29,두산에너빌리티,034020, 원전 가스터빈투트랙성장기대 원전 가스터빈투트랙성장기대 원전 가스터빈투트랙성장기대 ,0,73100,,NotRated,나민식,SK증권,https://comp.kisline.com/hi/HI0100M010GE.nice?stockcd=034020&nav=1,https://consensus.hankyung.com/analysis/downpdf?report_idx=644306
2025-10-29,현대건설,000720, 실적불확실성으로낮아진주가와 높아질원전기대감 실적불확실성으로낮아진주가와 높아질원전기대감 실적불확실성으로낮아진주가와 높아질원전기대감 ,0,59300,,NotRated,나민식,SK증권,https://comp.kisline.com/hi/HI0100M010GE.nice?stockcd=000720&nav=1,https://consensus.hankyung.com/analysis/downpdf?report_idx=644305
2025-10-29,한전기술,052690, 순수원전기업 순수원전기업 순수원전기업 ,0,88900,,NotRated,나민식,SK증권,https://comp.kisline.com/hi/HI0100M010GE.nice?stockcd=052690&nav=1,https://consensus.hankyung.com/analysis/downpdf?report_idx=644304
2025-10-29,롯데관광개발,032350, 고점은아직멀었습니다 고점은아직멀었습니다 고점은아직멀었습니다 ,"25,000",21950,13.9,매수,나승두,SK증권,https://comp.kisline.com/hi/HI0100M010GE.nice?stockcd=032350&nav=1,https://consensus.hankyung.com/analysis/downpdf?report_idx=644296
2025-10-29,삼성SDI,006400, 부진한 숫자들 속 의미 있는 흐름 부진한 숫자들 속 의미 있는 흐름 부진한 숫자들 속 의미 있는 흐름 ,"400,000",288500,38.65,매수,박형우,SK증권,https://comp.kisline.com/hi/HI0100M010GE.nice?stockcd=006400&nav=1,https://consensus.hankyung.com/analysis/downpdf?report_idx=644292
2025-10-29,삼양식품,003230, 우호적인 영업환경 지속 우호적인 영업환경 지속 우호적인 영업환경 지속 ,"1,750,000",1380000,26.81,Buy,박성호,LS증권,https://comp.kisline.com/hi/HI0100M010GE.nice?stockcd=003230&nav=1,https://consensus.hankyung.com/analysis/downpdf?report_idx=644287
2025-10-29,HDC현대산업개발,294870, 펀더멘탈 이상 무 펀더멘탈 이상 무 펀더멘탈 이상 무 ,"27,000",20300,33.0,Buy,김세련,LS증권,https://comp.kisline.com/hi/HI0100M010GE.nice?stockcd=294870&nav=1,https://consensus.hankyung.com/analysis/downpdf?report_idx=644286
2025-10-29,삼성SDI,006400, 단기 실적보다는 중장기 ESS 기회 요인에 주목 단기 실적보다는 중장기 ESS 기회 요인에 주목 단기 실적보다는 중장기 ESS 기회 요인에 주목 ,"400,000",288500,38.65,Buy,정원석,iM증권,https://comp.kisline.com/hi/HI0100M010GE.nice?stockcd=006400&nav=1,https://consensus.hankyung.com/analysis/downpdf?report_idx=644282
2025-10-29,HDC현대산업개발,294870, 이익 증가 가시성은 높지만 업황의 그늘 이익 증가 가시성은 높지만 업황의 그늘 이익 증가 가시성은 높지만 업황의 그늘 ,"28,000",20300,37.93,Buy,배세호,iM증권,https://comp.kisline.com/hi/HI0100M010GE.nice?stockcd=294870&nav=1,https://consensus.hankyung.com/analysis/downpdf?report_idx=644281
2025-10-27,이수페타시스,007660, 구체화되는 TPU 밸류체인의 매력 ft TPU as a service 구체화되는 TPU 밸류체인의 매력 ft TPU as a service 3Q25E 영업이익 538억원 107 4 YoY 전망 구체화되는 TPU 밸류체인의 매력 ft TPU as service ,"105,000",122100,-14.0,Buy,양승수,메리츠증권,https://comp.kisline.com/hi/HI0100M010GE.nice?stockcd=007660&nav=1,https://consensus.hankyung.com/analysis/downpdf?report_idx=644267
2025-10-28,POSCO홀딩스,005490, 악재가 다 반영된 주가 악재가 다 반영된 주가 악재가 다 반영된 주가 ,"390,000",310500,25.6,Buy,"김윤상,공도연",iM증권,https://comp.kisline.com/hi/HI0100M010GE.nice?stockcd=005490&nav=1,https://consensus.hankyung.com/analysis/downpdf?report_idx=644251
2025-10-28,JYP Ent.,035900, JYP Ent 아침은 온다 JYP Ent 아침은 온다 아침은 온다 ,"100,000",66300,50.83,Buy,황지원,iM증권,https://comp.kisline.com/hi/HI0100M010GE.nice?stockcd=035900&nav=1,https://consensus.hankyung.com/analysis/downpdf?report_idx=644250
2025-10-27,비에이치아이,083650, 수주확대로 실적개선 가속화 및 원전 낙수효과 가시화 수주확대로 실적개선 가속화 및 원전 낙수효과 가시화 수주확대로 실적개선 가속화 및 원전 낙수효과 가시화 ,0,42900,,nr,"이상헌,장호",iM증권,https://comp.kisline.com/hi/HI0100M010GE.nice?stockcd=083650&nav=1,https://consensus.hankyung.com/analysis/downpdf?report_idx=644240
2025-10-24,HD현대일렉트릭,267260, 트럼프도 막지 못한 변압기 트럼프도 막지 못한 변압기 트럼프도 막지 못한 변압기 ,"1,000,000",751000,33.16,매수,나민식,SK증권,https://comp.kisline.com/hi/HI0100M010GE.nice?stockcd=267260&nav=1,https://consensus.hankyung.com/analysis/downpdf?report_idx=644235
2025-10-24,삼성중공업,010140, 컨센서스 소폭 상회 4분기는 더 좋다 컨센서스 소폭 상회 4분기는 더 좋다 컨센서스 소폭 상회 4분기는 더 좋다 ,"32,000",25350,26.23,매수,한승한,SK증권,https://comp.kisline.com/hi/HI0100M010GE.nice?stockcd=010140&nav=1,https://consensus.hankyung.com/analysis/downpdf?report_idx=644233
2025-10-24,삼성중공업,010140, 3Q25 Review 송구영신 3Q25 Review 송구영신 3Q25 Review 송구영신 ,"29,000",25350,14.4,Buy,이재혁,LS증권,https://comp.kisline.com/hi/HI0100M010GE.nice?stockcd=010140&nav=1,https://consensus.hankyung.com/analysis/downpdf?report_idx=644231
2025-10-24,신세계,004170, 3Q25 Preview 면세는 최악 통과 국면 3Q25 Preview 면세는 최악 통과 국면 3Q25 Preview 면세는 최악 통과 국면 ,"240,000",228000,5.26,Buy,오린아,LS증권,https://comp.kisline.com/hi/HI0100M010GE.nice?stockcd=004170&nav=1,https://consensus.hankyung.com/analysis/downpdf?report_idx=644229
2025-10-24,HD현대일렉트릭,267260, 북미시장 대호조 지속 유럽시장 대약진 주목 북미시장 대호조 지속 유럽시장 대약진 주목 북미시장 대호조 지속 유럽시장 대약진 주목 ,"970,000",751000,29.16,Buy,성종화,LS증권,https://comp.kisline.com/hi/HI0100M010GE.nice?stockcd=267260&nav=1,https://consensus.hankyung.com/analysis/downpdf?report_idx=644227
2025-10-24,삼성중공업,010140, 3Q25 항상 기대를 살짝 넘는 편안한 실적 3Q25 항상 기대를 살짝 넘는 편안한 실적 3Q25 항상 기대를 살짝 넘는 편안한 실적 ,"30,000",25350,18.34,Buy,변용진,iM증권,https://comp.kisline.com/hi/HI0100M010GE.nice?stockcd=010140&nav=1,https://consensus.hankyung.com/analysis/downpdf?report_idx=644226
2025-10-23,두산,000150, 3Q25 Preview 일류 3Q25 Preview 일류 3Q25 Preview 일류 ,"1,000,000",855000,16.96,Buy,이주형,유진투자증권,https://comp.kisline.com/hi/HI0100M010GE.nice?stockcd=000150&nav=1,https://consensus.hankyung.com/analysis/downpdf?report_idx=644223
2025-10-23,LS ELECTRIC,010120, 26년이 기대되는 4가지 이유 26년이 기대되는 4가지 이유 26년이 기대되는 4가지 이유 ,"420,000",441000,-4.76,매수,나민식,SK증권,https://comp.kisline.com/hi/HI0100M010GE.nice?stockcd=010120&nav=1,https://consensus.hankyung.com/analysis/downpdf?report_idx=644217
2025-10-23,LS ELECTRIC,010120, 배전 호황 강도 강화 초고압변압기 대규모 증설 배전 호황 강도 강화 초고압변압기 대규모 증설 배전 호황 강도 강화 초고압변압기 대규모 증설 ,"430,000",441000,-2.49,Buy,성종화,LS증권,https://comp.kisline.com/hi/HI0100M010GE.nice?stockcd=010120&nav=1,https://consensus.hankyung.com/analysis/downpdf?report_idx=644215
2025-10-23,SK하이닉스,000660, 3Q25 Preview Cycle 실적 반영은 4Q25부터 3Q25 Preview Cycle 실적 반영은 4Q25부터 3Q25 Preview Cycle 실적 반영은 4Q25부터 ,"610,000",521000,17.08,Buy,차용호,LS증권,https://comp.kisline.com/hi/HI0100M010GE.nice?stockcd=000660&nav=1,https://consensus.hankyung.com/analysis/downpdf?report_idx=644213
2025-10-22,한화에어로스페이스,012450, 점점 늘어나는 사거리 점점 늘어나는 사거리 3Q25 Preview 영업이익 컨센서스 부합 전망 수주 모멘텀 확대 구간 사우디 미국 서유럽까지 ,"1,300,000",869000,49.6,Buy,이지호,메리츠증권,https://comp.kisline.com/hi/HI0100M010GE.nice?stockcd=012450&nav=1,https://consensus.hankyung.com/analysis/downpdf?report_idx=644211
2025-10-22,카카오,035720, 하나의 문제 해결 남은 문제 하나 하나의 문제 해결 남은 문제 하나 3Q25 Preview 탑라인은 2분기와 유사 비용은 소폭 증가 하나의 문제 해결 남은 문제 하나가 강한 주가 흐름 재현 여부를 결정 ,"74,000",58700,26.06,Buy,이효진,메리츠증권,https://comp.kisline.com/hi/HI0100M010GE.nice?stockcd=035720&nav=1,https://consensus.hankyung.com/analysis/downpdf?report_idx=644210
2025-10-21,현대건설,000720, 딱 실적 추정치 만큼 내려온 주가 딱 실적 추정치 만큼 내려온 주가 3Q25 Preview 영업이익 시장 기대치 44 하회 예상 ,"92,000",59300,55.14,Buy,송유림,한화투자증권,https://comp.kisline.com/hi/HI0100M010GE.nice?stockcd=000720&nav=1,https://consensus.hankyung.com/analysis/downpdf?report_idx=644201
2025-10-21,한화시스템,272210, 지상방산과 해양방산 모멘텀을 모두 흡수 지상방산과 해양방산 모멘텀을 모두 흡수 3Q25 Preview 영업이익 시장 기대치 하회 추정 방산 체계 업체들의 수출 확대 직수혜 ,"74,000",48600,52.26,Buy,배성조,한화투자증권,https://comp.kisline.com/hi/HI0100M010GE.nice?stockcd=272210&nav=1,https://consensus.hankyung.com/analysis/downpdf?report_idx=644200
2025-10-21,삼양식품,003230, 숨 고르기 숨 고르기 기대치를 하회할 3분기 앞선 기대에 대한 속도 조절 필요 ,"1,800,000",1380000,30.43,Buy,한유정,한화투자증권,https://comp.kisline.com/hi/HI0100M010GE.nice?stockcd=003230&nav=1,https://consensus.hankyung.com/analysis/downpdf?report_idx=644199
2025-10-21,HDC현대산업개발,294870, 가장 높고도 가파를 OPM 개선 가장 높고도 가파를 OPM 개선 3Q25 Preview 영업이익 시장 기대치 하회 예상 비우호적 환경 속 양질의 주택 착공 지속 투자의견 Buy 목표주가 36 000원 유지 ,"36,000",20300,77.34,Buy,송유림,한화투자증권,https://comp.kisline.com/hi/HI0100M010GE.nice?stockcd=294870&nav=1,https://consensus.hankyung.com/analysis/downpdf?report_idx=644196
2025-10-22,한화에어로스페이스,012450, 3Q25 Preview 다변화되는 제품 포트폴리오 3Q25 Preview 다변화되는 제품 포트폴리오 3Q25 Preview 다변화되는 제품 포트폴리오 ,"1,250,000",869000,43.84,Buy,최정환,LS증권,https://comp.kisline.com/hi/HI0100M010GE.nice?stockcd=012450&nav=1,https://consensus.hankyung.com/analysis/downpdf?report_idx=644191
2025-10-21,원익IPS,240810, 다시금 주도주의 시간 다시금 주도주의 시간 다시금 주도주의 시간 ,"70,000",56700,23.46,매수,이동주,SK증권,https://comp.kisline.com/hi/HI0100M010GE.nice?stockcd=240810&nav=1,https://consensus.hankyung.com/analysis/downpdf?report_idx=644188
2025-10-21,F&F,383220, F F 국내 부진 중국 성장 F F 국내 부진 중국 성장 국내 부진 중국 성장 ,"85,000",76200,11.55,매수,형권훈,SK증권,https://comp.kisline.com/hi/HI0100M010GE.nice?stockcd=383220&nav=1,https://consensus.hankyung.com/analysis/downpdf?report_idx=644185
2025-10-21,한화시스템,272210, 3Q25 Preview 미래를 위한 투자가 지속되는 구간 3Q25 Preview 미래를 위한 투자가 지속되는 구간 3Q25 Preview 미래를 위한 투자가 지속되는 구간 ,"64,000",48600,31.69,Buy,최정환,LS증권,https://comp.kisline.com/hi/HI0100M010GE.nice?stockcd=272210&nav=1,https://consensus.hankyung.com/analysis/downpdf?report_idx=644180
2025-10-21,하이브,352820, 숫자로 증명할 2026년 숫자로 증명할 2026년 숫자로 증명할 2026년 ,"370,000",292000,26.71,Buy,황지원,iM증권,https://comp.kisline.com/hi/HI0100M010GE.nice?stockcd=352820&nav=1,https://consensus.hankyung.com/analysis/downpdf?report_idx=644179
2025-10-21,CJ제일제당,097950, 3Q25 Preview 3Q25 Preview 3Q25 Preview ,"320,000",218000,46.79,Buy,이경신,iM증권,https://comp.kisline.com/hi/HI0100M010GE.nice?stockcd=097950&nav=1,https://consensus.hankyung.com/analysis/downpdf?report_idx=644177
2025-10-20,한전기술,052690, 원전수주 원자력 협정 미국시장 수혜 가시화 원전수주 원자력 협정 미국시장 수혜 가시화 원전수주 원자력 협정 미국시장 수혜 가시화 ,0,88900,,nr,"이상헌,장호",iM증권,https://comp.kisline.com/hi/HI0100M010GE.nice?stockcd=052690&nav=1,https://consensus.hankyung.com/analysis/downpdf?report_idx=644175
2025-10-20,현대건설,000720, 혼조의 실적으로 주가 하락 결국 인정받을 가치 혼조의 실적으로 주가 하락 결국 인정받을 가치 혼조의 실적으로 주가 하락 결국 인정받을 가치 ,"90,000",59300,51.77,Buy,배세호,iM증권,https://comp.kisline.com/hi/HI0100M010GE.nice?stockcd=000720&nav=1,https://consensus.hankyung.com/analysis/downpdf?report_idx=644170
2025-10-20,한화에어로스페이스,012450, 전차빼고다하는지상무기의산실 전차빼고다하는지상무기의산실 전차빼고다하는지상무기의산실 ,"1,360,000",869000,56.5,Buy,변용진,iM증권,https://comp.kisline.com/hi/HI0100M010GE.nice?stockcd=012450&nav=1,https://consensus.hankyung.com/analysis/downpdf?report_idx=644169
2025-10-20,쎄트렉아이,099320, 3Q25 Preview 높아진 눈높이는 실적으로 채워나갈 것 3Q25 Preview 높아진 눈높이는 실적으로 채워나갈 것 3Q25 Preview 높아진 눈높이는 실적으로 채워나갈 것 ,"67,000",55500,20.72,Hold,최정환,LS증권,https://comp.kisline.com/hi/HI0100M010GE.nice?stockcd=099320&nav=1,https://consensus.hankyung.com/analysis/downpdf?report_idx=644167
2025-10-20,LG전자,066570, 인도에서도 가전은 역시 LG 인도에서도 가전은 역시 LG 인도에서도 가전은 역시 LG ,0,86400,,N/A,이주형,유진투자증권,https://comp.kisline.com/hi/HI0100M010GE.nice?stockcd=066570&nav=1,https://consensus.hankyung.com/analysis/downpdf?report_idx=644163
2025-10-17,넷마블,251270, 무난한 실적 다가올 기회 무난한 실적 다가올 기회 무난한 실적 다가올 기회 ,"79,000",51900,52.22,매수,남효지,SK증권,https://comp.kisline.com/hi/HI0100M010GE.nice?stockcd=251270&nav=1,https://consensus.hankyung.com/analysis/downpdf?report_idx=644149
2025-10-17,SK하이닉스,000660, 적어도 1H26까지는 업황 강세 예상 적어도 1H26까지는 업황 강세 예상 적어도 1H26까지는 업황 강세 예상 ,"530,000",521000,1.73,N/A,송명섭,iM증권,https://comp.kisline.com/hi/HI0100M010GE.nice?stockcd=000660&nav=1,https://consensus.hankyung.com/analysis/downpdf?report_idx=644142
2025-10-15,현대글로비스,086280, 입항 수수료 부과 우려 과도 입항 수수료 부과 우려 과도 미국 입항 수수료 이슈 점검 China Boost 실적 성장은 계속된다 ,"250,000",160300,55.96,Buy,김준성,메리츠증권,https://comp.kisline.com/hi/HI0100M010GE.nice?stockcd=086280&nav=1,https://consensus.hankyung.com/analysis/downpdf?report_idx=644129
2025-10-15,한미약품,128940, 3Q25 Pre 서서히 다가오는 임상 모멘텀 3Q25 Pre 서서히 다가오는 임상 모멘텀 3Q25 Preview 투자의견 Buy 적정주가 42만원 상향 ,"420,000",445500,-5.72,Buy,김준영,메리츠증권,https://comp.kisline.com/hi/HI0100M010GE.nice?stockcd=128940&nav=1,https://consensus.hankyung.com/analysis/downpdf?report_idx=644128
2025-10-15,하이브,352820, 성장을 위한 선제적 포석 성장을 위한 선제적 포석 3Q25 Preview 시장 컨센서스 하회 전망 성장을 위한 선제적 비용 투자 ,"370,000",292000,26.71,Buy,김민영,메리츠증권,https://comp.kisline.com/hi/HI0100M010GE.nice?stockcd=352820&nav=1,https://consensus.hankyung.com/analysis/downpdf?report_idx=644127
2025-10-15,와이지엔터테인먼트,122870, 명불허전 명불허전 3Q25 Preview 시장 컨센서스 상회 전망 명불허전 Mega IP ,"130,000",60700,114.17,Buy,김민영,메리츠증권,https://comp.kisline.com/hi/HI0100M010GE.nice?stockcd=122870&nav=1,https://consensus.hankyung.com/analysis/downpdf?report_idx=644123
2025-10-15,에스엠,041510, 꾸준한 본업 성장 꾸준한 본업 성장 3Q25 Preview 시장 컨센서스 부합 전망 꾸준한 본업 성장 ,"180,000",102000,76.47,Buy,김민영,메리츠증권,https://comp.kisline.com/hi/HI0100M010GE.nice?stockcd=041510&nav=1,https://consensus.hankyung.com/analysis/downpdf?report_idx=644122
2025-10-15,KT&G,033780, KT G 탐방 Comment KT G 탐방 Comment 담배 부문 건기식 부문 부동산 부문 ,0,145600,,N/A,김정욱,메리츠증권,https://comp.kisline.com/hi/HI0100M010GE.nice?stockcd=033780&nav=1,https://consensus.hankyung.com/analysis/downpdf?report_idx=644119
2025-10-15,JYP Ent.,035900, JYP Ent 든든한 고연차 확장되는 IP 파이프라인 JYP Ent 든든한 고연차 확장되는 IP 파이프라인 3Q25 Preview 시장 컨센서스 부합 전망 든든한 고연차 확장되는 IP 파이프라인 ,"98,000",66300,47.81,Buy,김민영,메리츠증권,https://comp.kisline.com/hi/HI0100M010GE.nice?stockcd=035900&nav=1,https://consensus.hankyung.com/analysis/downpdf?report_idx=644118
2025-10-15,클래시스,214150, 주가 하락 아쉽지만 계단식 성장 이상 무 주가 하락 아쉽지만 계단식 성장 이상 무 주가 하락 아쉽지만 계단식 성장 이상 무 ,"65,000",55300,17.54,Buy,조은애,LS증권,https://comp.kisline.com/hi/HI0100M010GE.nice?stockcd=214150&nav=1,https://consensus.hankyung.com/analysis/downpdf?report_idx=644114
2025-10-15,삼성전자,005930, 4Q25 영업이익 12 9조원으로 추가 개선 전망 4Q25 영업이익 12 9조원으로 추가 개선 전망 4Q25 영업이익 12 9조원으로 추가 개선 전망 ,"110,000",94800,16.03,Buy,송명섭,iM증권,https://comp.kisline.com/hi/HI0100M010GE.nice?stockcd=005930&nav=1,https://consensus.hankyung.com/analysis/downpdf?report_idx=644113
2025-10-14,KT&G,033780, KT G 3분기도 호실적 KT G 3분기도 호실적 3분기도 호실적 ,"180,000",145600,23.63,Buy,한유정,한화투자증권,https://comp.kisline.com/hi/HI0100M010GE.nice?stockcd=033780&nav=1,https://consensus.hankyung.com/analysis/downpdf?report_idx=644109
2025-10-14,LG에너지솔루션,373220, 3Q25 잠정실적 코멘트 기대와 우려가 공존하는 구간 3Q25 잠정실적 코멘트 기대와 우려가 공존하는 구간 3Q25 잠정실적 코멘트 기대와 우려가 공존하는 구간 ,"360,000",425500,-15.39,Buy,이용욱,한화투자증권,https://comp.kisline.com/hi/HI0100M010GE.nice?stockcd=373220&nav=1,https://consensus.hankyung.com/analysis/downpdf?report_idx=644108
2025-10-14,파라다이스,034230, 3분기 호실적 10월 중국인 VIP 이벤트 3분기 호실적 10월 중국인 VIP 이벤트 3분기 호실적 10월 중국인 VIP 이벤트 ,"26,000",18090,43.73,Buy,박수영,한화투자증권,https://comp.kisline.com/hi/HI0100M010GE.nice?stockcd=034230&nav=1,https://consensus.hankyung.com/analysis/downpdf?report_idx=644106
2025-10-14,산일전기,062040, 흔들릴 이유가 없다 흔들릴 이유가 없다 흔들릴 이유가 없다 ,"160,000",132300,20.94,Buy,손현정,유안타증권,https://comp.kisline.com/hi/HI0100M010GE.nice?stockcd=062040&nav=1,https://consensus.hankyung.com/analysis/downpdf?report_idx=644098
2025-10-14,LS ELECTRIC,010120, 2026년 구조적 성장 가시화 2026년 구조적 성장 가시화 2026년 구조적 성장 가시화 ,"360,000",441000,-18.37,Buy,손현정,유안타증권,https://comp.kisline.com/hi/HI0100M010GE.nice?stockcd=010120&nav=1,https://consensus.hankyung.com/analysis/downpdf?report_idx=644097
2025-10-14,효성중공업,298040, 여전히 확신의 영역 여전히 확신의 영역 여전히 확신의 영역 ,"1,860,000",1910000,-2.62,Buy,손현정,유안타증권,https://comp.kisline.com/hi/HI0100M010GE.nice?stockcd=298040&nav=1,https://consensus.hankyung.com/analysis/downpdf?report_idx=644096
2025-10-14,HD현대일렉트릭,267260, 프리미엄 정당화 시기 프리미엄 정당화 시기 프리미엄 정당화 시기 ,"770,000",751000,2.53,Buy,손현정,유안타증권,https://comp.kisline.com/hi/HI0100M010GE.nice?stockcd=267260&nav=1,https://consensus.hankyung.com/analysis/downpdf?report_idx=644095
2025-10-14,삼성전자,005930, 3Q25P 업사이클 훈풍 속 갤럭시 후광 3Q25P 업사이클 훈풍 속 갤럭시 후광 3Q25P 업사이클 훈풍 속 갤럭시 후광 ,0,94800,,투자의견없음,"김선우,우서현",메리츠증권,https://comp.kisline.com/hi/HI0100M010GE.nice?stockcd=005930&nav=1,https://consensus.hankyung.com/analysis/downpdf?report_idx=644093
2025-10-14,디어유,376300, 천천히 나아가는 중 천천히 나아가는 중 천천히 나아가는 중 ,"53,000",31950,65.88,Buy,김민영,메리츠증권,https://comp.kisline.com/hi/HI0100M010GE.nice?stockcd=376300&nav=1,https://consensus.hankyung.com/analysis/downpdf?report_idx=644087
2025-10-14,NAVER,035420, naver x dunamu on chain era naver x dunamu on chain era naver x dunamu on chain era ,"410,000",262500,56.19,Buy,이효진,메리츠증권,https://comp.kisline.com/hi/HI0100M010GE.nice?stockcd=035420&nav=1,https://consensus.hankyung.com/analysis/downpdf?report_idx=644084
2025-10-14,LG에너지솔루션,373220, 3Q25P 잠정실적 점검 3Q25P 잠정실적 점검 3Q25P 잠정실적 점검 ,0,425500,,투자의견없음,노우호,메리츠증권,https://comp.kisline.com/hi/HI0100M010GE.nice?stockcd=373220&nav=1,https://consensus.hankyung.com/analysis/downpdf?report_idx=644083
2025-10-14,삼성전자,005930, 3Q25P 기대 이상의 메모리 3Q25P 기대 이상의 메모리 3Q25P 기대 이상의 메모리 ,0,94800,,투자의견없음,한동희,SK증권,https://comp.kisline.com/hi/HI0100M010GE.nice?stockcd=005930&nav=1,https://consensus.hankyung.com/analysis/downpdf?report_idx=644075
2025-10-14,카카오,035720, 아직 남은 한 발 AI 아직 남은 한 발 AI 아직 남은 한 발 AI ,"87,000",58700,48.21,매수,남효지,SK증권,https://comp.kisline.com/hi/HI0100M010GE.nice?stockcd=035720&nav=1,https://consensus.hankyung.com/analysis/downpdf?report_idx=644072
2025-10-14,NAVER,035420, AI 핀테크 커머스 모두 바쁨 AI 핀테크 커머스 모두 바쁨 AI 핀테크 커머스 모두 바쁨 ,"320,000",262500,21.9,매수,남효지,SK증권,https://comp.kisline.com/hi/HI0100M010GE.nice?stockcd=035420&nav=1,https://consensus.hankyung.com/analysis/downpdf?report_idx=644071
2025-10-14,기아,000270, 버티면 이긴다 버티면 이긴다 버티면 이긴다 ,"125,000",114000,9.65,매수,"윤혁진,박준형",SK증권,https://comp.kisline.com/hi/HI0100M010GE.nice?stockcd=000270&nav=1,https://consensus.hankyung.com/analysis/downpdf?report_idx=644069
2025-10-14,LG전자,066570, 어려운 환경에서 호실적 어려운 환경에서 호실적 어려운 환경에서 호실적 ,"95,000",86400,9.95,Buy,고의영,iM증권,https://comp.kisline.com/hi/HI0100M010GE.nice?stockcd=066570&nav=1,https://consensus.hankyung.com/analysis/downpdf?report_idx=644061
2025-10-14,LG에너지솔루션,373220, 내년부터 ESS 부문이 이끄는 본격적인 실적 회복세 내년부터 ESS 부문이 이끄는 본격적인 실적 회복세 내년부터 ESS 부문이 이끄는 본격적인 실적 회복세 ,"450,000",425500,5.76,Buy,정원석,iM증권,https://comp.kisline.com/hi/HI0100M010GE.nice?stockcd=373220&nav=1,https://consensus.hankyung.com/analysis/downpdf?report_idx=644060
2025-10-14,산일전기,062040, 3Q25 영업실적 컨센서스 부합 전망 3Q25 영업실적 컨센서스 부합 전망 3Q25 영업실적 컨센서스 부합 전망 ,"150,000",132300,13.38,Buy,성종화,LS증권,https://comp.kisline.com/hi/HI0100M010GE.nice?stockcd=062040&nav=1,https://consensus.hankyung.com/analysis/downpdf?report_idx=644059
2025-10-14,한국항공우주,047810, 3Q25 Preview 아쉬운 실적 속 분명한 성장 방향성 3Q25 Preview 아쉬운 실적 속 분명한 성장 방향성 3Q25 Preview 아쉬운 실적 속 분명한 성장 방향성 ,"124,000",106600,16.32,Buy,최정환,LS증권,https://comp.kisline.com/hi/HI0100M010GE.nice?stockcd=047810&nav=1,https://consensus.hankyung.com/analysis/downpdf?report_idx=644057
2025-10-14,LG에너지솔루션,373220, 3분기 잠정 실적 미국 EV vs 미국 ESS 3분기 잠정 실적 미국 EV vs 미국 ESS 3분기 잠정 실적 미국 EV vs 미국 ESS ,"307,000",425500,-27.85,Hold,정경희,LS증권,https://comp.kisline.com/hi/HI0100M010GE.nice?stockcd=373220&nav=1,https://consensus.hankyung.com/analysis/downpdf?report_idx=644055
2025-10-14,크래프톤,259960, 좋은 실적을 기대 떨어지는 트래픽을 걱정 좋은 실적을 기대 떨어지는 트래픽을 걱정 좋은 실적을 기대 떨어지는 트래픽을 걱정 ,"460,000",253000,81.82,Buy,정의훈,유진투자증권,https://comp.kisline.com/hi/HI0100M010GE.nice?stockcd=259960&nav=1,https://consensus.hankyung.com/analysis/downpdf?report_idx=644054
2025-10-14,LG에너지솔루션,373220, 3Q25 잠정 실적 리뷰 3Q25 잠정 실적 리뷰 3Q25 잠정 실적 리뷰 ,"430,000",425500,1.06,Buy,황성현,유진투자증권,https://comp.kisline.com/hi/HI0100M010GE.nice?stockcd=373220&nav=1,https://consensus.hankyung.com/analysis/downpdf?report_idx=644052
2025-10-13,티엘비,356860, 꺼지지 않는 불꽃 꺼지지 않는 불꽃 P 상승 이 여는 메모리 업사이클의 중심 적정주가 70 000원으로 상향 일반 서버 수요 반등에 따른 수혜 강도에 주목 Feat BVH 공법 ,"70,000",62400,12.18,Buy,양승수,메리츠증권,https://comp.kisline.com/hi/HI0100M010GE.nice?stockcd=356860&nav=1,https://consensus.hankyung.com/analysis/downpdf?report_idx=644047
2025-10-13,CJ ENM,035760, 예상보단 다소 더디게 회복 중 예상보단 다소 더디게 회복 중 3Q25 Preview 시장 컨센서스 하회 전망 2025년 연결 영업이익 1 110억원 6 2 YoY 전망 ,"90,000",64500,39.53,Buy,정지수,메리츠증권,https://comp.kisline.com/hi/HI0100M010GE.nice?stockcd=035760&nav=1,https://consensus.hankyung.com/analysis/downpdf?report_idx=644031
2025-10-13,현대글로비스,086280, 3Q25 Preview 관세 공급망 재편에도 끄떡없는 이익 개선 3Q25 Preview 관세 공급망 재편에도 끄떡없는 이익 개선 3Q 매출액 7 7조원 3 3 YoY 영업이익 5 221억원 11 3 YoY 관세 영향은 점진적인 해외 비중 및 비계열 확대로 대응 ,"200,000",160300,24.77,Buy,김성래,한화투자증권,https://comp.kisline.com/hi/HI0100M010GE.nice?stockcd=086280&nav=1,https://consensus.hankyung.com/analysis/downpdf?report_idx=644030
2025-10-13,하이브,352820, 3Q 프리뷰 구간 채워둬야 할 주식 3Q 프리뷰 구간 채워둬야 할 주식 3Q25 Preview 컨센서스 큰 폭 하회 예상 그럼에도 실적이 아닌 지표 모멘텀에 투자해야할 시기 ,"360,000",292000,23.29,Buy,박수영,한화투자증권,https://comp.kisline.com/hi/HI0100M010GE.nice?stockcd=352820&nav=1,https://consensus.hankyung.com/analysis/downpdf?report_idx=644029
2025-10-13,와이지엔터테인먼트,122870, 3분기 역대급의 실적 3분기 역대급의 실적 3Q25 Preview 영업이익 350억원 역대급의 실적 확인 베이비몬스터의 강력한 성장이 내년 관전 포인트 ,"130,000",60700,114.17,Buy,박수영,한화투자증권,https://comp.kisline.com/hi/HI0100M010GE.nice?stockcd=122870&nav=1,https://consensus.hankyung.com/analysis/downpdf?report_idx=644027
2025-10-13,JYP Ent.,035900, JYP Ent 3분기까지 스키즈 레버리지 효과 확인 JYP Ent 3분기까지 스키즈 레버리지 효과 확인 3Q25 Preview 영업이익 컨센서스 부합 추정 4분기에는 스키즈 트와이스 엔믹스 ,"100,000",66300,50.83,Buy,박수영,한화투자증권,https://comp.kisline.com/hi/HI0100M010GE.nice?stockcd=035900&nav=1,https://consensus.hankyung.com/analysis/downpdf?report_idx=644026
2025-10-13,DL이앤씨,375500, 다시 낮아진 주가 반등에 무게 다시 낮아진 주가 반등에 무게 3Q25 Preview 영업이익 시장 기대치 부합 예상 ,"62,000",39200,58.16,Buy,송유림,한화투자증권,https://comp.kisline.com/hi/HI0100M010GE.nice?stockcd=375500&nav=1,https://consensus.hankyung.com/analysis/downpdf?report_idx=644025
2025-10-13,현대차,005380, 시계 제로 시계 제로 시계 제로 ,"270,000",259500,4.05,매수,"윤혁진,박준형",SK증권,https://comp.kisline.com/hi/HI0100M010GE.nice?stockcd=005380&nav=1,https://consensus.hankyung.com/analysis/downpdf?report_idx=644021
2025-10-13,LS ELECTRIC,010120, 3Q25 영업실적 당사 및 컨센서스 전망치 부합 전망 3Q25 영업실적 당사 및 컨센서스 전망치 부합 전망 3Q25 영업실적 당사 및 컨센서스 전망치 부합 전망 ,"370,000",441000,-16.1,Buy,성종화,LS증권,https://comp.kisline.com/hi/HI0100M010GE.nice?stockcd=010120&nav=1,https://consensus.hankyung.com/analysis/downpdf?report_idx=644013
2025-10-13,LG화학,051910, LG에너지솔루션 약 2 5 PRS 발행 LG에너지솔루션 약 2 5 PRS 발행 LG에너지솔루션 약 2 5 PRS 발행 ,"241,000",367000,-34.33,Hold,정경희,LS증권,https://comp.kisline.com/hi/HI0100M010GE.nice?stockcd=051910&nav=1,https://consensus.hankyung.com/analysis/downpdf?report_idx=644012
2025-10-10,현대모비스,012330, 3Q25 Preview 관세 영향에도 안정적 3Q25 Preview 관세 영향에도 안정적 3Q 매출액 15 9조원 13 7 YoY 영업이익 8 803억원 3 1 YoY 관세 영향에도 안정적 수익성 리커버리 효과는 4Q로 ,"360,000",296000,21.62,Buy,김성래,한화투자증권,https://comp.kisline.com/hi/HI0100M010GE.nice?stockcd=012330&nav=1,https://consensus.hankyung.com/analysis/downpdf?report_idx=644006
2025-10-10,삼성중공업,010140, LNGC FLNG의 본격적인 수주가 시작된다 LNGC FLNG의 본격적인 수주가 시작된다 LNGC FLNG의 본격적인 수주가 시작된다 ,"29,000",25350,14.4,매수,한승한,SK증권,https://comp.kisline.com/hi/HI0100M010GE.nice?stockcd=010140&nav=1,https://consensus.hankyung.com/analysis/downpdf?report_idx=644000
2025-10-10,LS에코에너지,229640, 3Q25 실적은 숨고르기 예상하나 중장기 잠재력 유효 3Q25 실적은 숨고르기 예상하나 중장기 잠재력 유효 3Q25 실적은 숨고르기 예상하나 중장기 잠재력 유효 ,"48,000",34750,38.13,Buy,성종화,LS증권,https://comp.kisline.com/hi/HI0100M010GE.nice?stockcd=229640&nav=1,https://consensus.hankyung.com/analysis/downpdf?report_idx=643995
2025-10-10,HD현대일렉트릭,267260, 3Q25 실적 당사 전망치 다소 초과 전망 3Q25 실적 당사 전망치 다소 초과 전망 3Q25 실적 당사 전망치 다소 초과 전망 ,"800,000",751000,6.52,Buy,성종화,LS증권,https://comp.kisline.com/hi/HI0100M010GE.nice?stockcd=267260&nav=1,https://consensus.hankyung.com/analysis/downpdf?report_idx=643994
2025-10-02,현대차,005380, 3Q25 Preview 관세받고 배당 매력도와 시장 점유율 확대 3Q25 Preview 관세받고 배당 매력도와 시장 점유율 확대 3Q25 매출액 45 3조원 5 6 YoY 영업이익 2 1조원 41 2 YoY 전망 3Q 관세 영향 1 5조원 3Q 매출 대비 3 3 추정 ,"270,000",259500,4.05,Buy,김성래,한화투자증권,https://comp.kisline.com/hi/HI0100M010GE.nice?stockcd=005380&nav=1,https://consensus.hankyung.com/analysis/downpdf?report_idx=643985
2025-10-02,롯데관광개발,032350, 비수기를 몰랐던 9월 그리고 10월에 쌓이는 기대 비수기를 몰랐던 9월 그리고 10월에 쌓이는 기대 9월 모든 지표 역대 최고치 경신 JDT에 비수기는 없고 실적은 더욱 가파르게 올라갈 것 ,"28,000",21950,27.56,Buy,박수영,한화투자증권,https://comp.kisline.com/hi/HI0100M010GE.nice?stockcd=032350&nav=1,https://consensus.hankyung.com/analysis/downpdf?report_idx=643981
2025-10-02,기아,000270, 3Q25 Review 관세받고 배당 매력도와 xEV 물량 확대 3Q25 Review 관세받고 배당 매력도와 xEV 물량 확대 3Q 매출액 28 6조원 7 8 YoY 영업이익 1 7조원 41 0 YoY 전망 3Q 관세 영향 1 2조원 3Q 매출 대비 4 3 추정 ,"125,000",114000,9.65,Buy,김성래,한화투자증권,https://comp.kisline.com/hi/HI0100M010GE.nice?stockcd=000270&nav=1,https://consensus.hankyung.com/analysis/downpdf?report_idx=643979
2025-10-02,CJ제일제당,097950, CJ피드앤케어 지분 매각 Comment CJ피드앤케어 지분 매각 Comment 이번엔 진짜네요 일부는 매수인에 유리한 조건이나 ,"250,000",218000,14.68,Hold,한유정,한화투자증권,https://comp.kisline.com/hi/HI0100M010GE.nice?stockcd=097950&nav=1,https://consensus.hankyung.com/analysis/downpdf?report_idx=643977
2025-10-02,두산,000150, 외부 요인에 가려진 AI CCL 슈퍼사이클 외부 요인에 가려진 AI CCL 슈퍼사이클 3Q25 Preview 무난한 3분기 기대되는 4분기 AI 확산과 함께 확대되는 동사 CCL 수요 Feat CPX 중국 Kyber 랙 ,"850,000",855000,-0.58,Buy,양승수,메리츠증권,https://comp.kisline.com/hi/HI0100M010GE.nice?stockcd=000150&nav=1,https://consensus.hankyung.com/analysis/downpdf?report_idx=643969
2025-10-02,대덕전자,353200, 다양성이 약점에서 강점으로 다양성이 약점에서 강점으로 3Q25 Preview 모두다 기대 이상 2026년 Preview 삼위일체 ,"34,000",47350,-28.19,Buy,양승수,메리츠증권,https://comp.kisline.com/hi/HI0100M010GE.nice?stockcd=353200&nav=1,https://consensus.hankyung.com/analysis/downpdf?report_idx=643968
2025-10-02,LG화학,051910, 자회사 지분 담보로 유동성 확보 자회사 지분 담보로 유동성 확보 Event View ,0,367000,,N/A,노우호,메리츠증권,https://comp.kisline.com/hi/HI0100M010GE.nice?stockcd=051910&nav=1,https://consensus.hankyung.com/analysis/downpdf?report_idx=643966
2025-10-02,KCC,002380, 3분기 Preview 및 공시 내용 점검 3분기 Preview 및 공시 내용 점검 3분기 Preview 및 공시 내용 점검 ,"587,000",400500,46.57,Buy,정경희,LS증권,https://comp.kisline.com/hi/HI0100M010GE.nice?stockcd=002380&nav=1,https://consensus.hankyung.com/analysis/downpdf?report_idx=643960
2025-10-02,효성중공업,298040, 중공업부문 중심 실적호조 지속 중공업부문 중심 실적호조 지속 중공업부문 중심 실적호조 지속 ,"1,800,000",1910000,-5.76,Buy,성종화,LS증권,https://comp.kisline.com/hi/HI0100M010GE.nice?stockcd=298040&nav=1,https://consensus.hankyung.com/analysis/downpdf?report_idx=643958
2025-10-02,팬오션,028670, 3Q25 Pre 시황 대비 보수적인 실적 3Q25 Pre 시황 대비 보수적인 실적 3Q25 Pre 시황 대비 보수적인 실적 ,"5,800",3750,54.67,Buy,배세호,iM증권,https://comp.kisline.com/hi/HI0100M010GE.nice?stockcd=028670&nav=1,https://consensus.hankyung.com/analysis/downpdf?report_idx=643955
2025-10-01,크래프톤,259960, 걱정없는 실적 걱정없는 실적 걱정없는 실적 ,"450,000",253000,77.87,매수,남효지,SK증권,https://comp.kisline.com/hi/HI0100M010GE.nice?stockcd=259960&nav=1,https://consensus.hankyung.com/analysis/downpdf?report_idx=643945
2025-10-01,샘씨엔에스,252990, ProbeCard 공급 증가 세라믹 STF 고성장 ProbeCard 공급 증가 세라믹 STF 고성장 ProbeCard 공급 증가 세라믹 STF 고성장 ,0,6290,,NotRated,정홍식,LS증권,https://comp.kisline.com/hi/HI0100M010GE.nice?stockcd=252990&nav=1,https://consensus.hankyung.com/analysis/downpdf?report_idx=643941
2025-10-01,SK하이닉스,000660, FY26에도실적개선세가예상되나HBM4 경쟁심화가능성은우려요인 FY26에도실적개선세가예상되나HBM4 경쟁심화가능성은우려요인 FY26에도실적개선세가예상되나HBM4 경쟁심화가능성은우려요인 ,"420,000",521000,-19.39,Buy,송명섭,iM증권,https://comp.kisline.com/hi/HI0100M010GE.nice?stockcd=000660&nav=1,https://consensus.hankyung.com/analysis/downpdf?report_idx=643938
2025-10-01,삼성전자,005930, HBM4성공시 Val 회복과실적대폭개선예상 HBM4성공시 Val 회복과실적대폭개선예상 HBM4성공시 Val 회복과실적대폭개선예상 ,"106,000",94800,11.81,Buy,송명섭,iM증권,https://comp.kisline.com/hi/HI0100M010GE.nice?stockcd=005930&nav=1,https://consensus.hankyung.com/analysis/downpdf?report_idx=643935
2025-09-30,코스맥스,192820, 3Q 영업이익 컨센 하회 전망 3Q 영업이익 컨센 하회 전망 3Q 영업이익 컨센 하회 전망 ,"288,000",174100,65.42,Buy,"이승은,김도엽",유안타증권,https://comp.kisline.com/hi/HI0100M010GE.nice?stockcd=192820&nav=1,https://consensus.hankyung.com/analysis/downpdf?report_idx=643920
2025-09-30,LG이노텍,011070, 단기는 안도감에서 지속성은 수익성에서 단기는 안도감에서 지속성은 수익성에서 단기는 안도감에서 지속성은 수익성에서 ,"220,000",231000,-4.76,Buy,"양승수,우서현",메리츠증권,https://comp.kisline.com/hi/HI0100M010GE.nice?stockcd=011070&nav=1,https://consensus.hankyung.com/analysis/downpdf?report_idx=643912
2025-09-30,한미약품,128940, 경구 제형 전환 핵심 물질 길리어드와 계약 경구 제형 전환 핵심 물질 길리어드와 계약 경구 제형 전환 핵심 물질 길리어드와 계약 ,0,445500,,투자의견없음,정이수,IBK투자증권,https://comp.kisline.com/hi/HI0100M010GE.nice?stockcd=128940&nav=1,https://consensus.hankyung.com/analysis/downpdf?report_idx=643904
2025-09-30,에이피알,278470, 신고가가 당연한 실적 흐름 신고가가 당연한 실적 흐름 신고가가 당연한 실적 흐름 ,"300,000",238000,26.05,Buy,조은애,LS증권,https://comp.kisline.com/hi/HI0100M010GE.nice?stockcd=278470&nav=1,https://consensus.hankyung.com/analysis/downpdf?report_idx=643902
2025-09-30,더존비즈온,012510, 지배구조 변화에 대해 정해진 건 없지만 지배구조 변화에 대해 정해진 건 없지만 지배구조 변화에 대해 정해진 건 없지만 ,0,93800,,NotRated,정우성,LS증권,https://comp.kisline.com/hi/HI0100M010GE.nice?stockcd=012510&nav=1,https://consensus.hankyung.com/analysis/downpdf?report_idx=643899
2025-09-29,LG디스플레이,034220, 올해뿐 아니라 내년까지 볼 수 있는 기업 올해뿐 아니라 내년까지 볼 수 있는 기업 올해뿐 아니라 내년까지 볼 수 있는 기업 ,"16,500",12150,35.8,매수,권민규,SK증권,https://comp.kisline.com/hi/HI0100M010GE.nice?stockcd=034220&nav=1,https://consensus.hankyung.com/analysis/downpdf?report_idx=643891
2025-09-26,NAVER,035420, 두나무 오픈AI 메타 두나무 오픈AI 메타 두나무 네이버그룹 안으로 로빈훗 스테이블코인의 결제 영역까지 확장 가능 ,0,262500,,N/A,이효진,메리츠증권,https://comp.kisline.com/hi/HI0100M010GE.nice?stockcd=035420&nav=1,https://consensus.hankyung.com/analysis/downpdf?report_idx=643880
2025-09-25,이수페타시스,007660, Scale Out 을 넘어 Scale Up의 주연으로 Scale Out 을 넘어 Scale Up의 주연으로 3Q25E Preview 분기 영업이익 500억원대로 진입 Scale Out을 넘어 Scale Up의 주연으로 ,"89,000",122100,-27.11,Buy,양승수,메리츠증권,https://comp.kisline.com/hi/HI0100M010GE.nice?stockcd=007660&nav=1,https://consensus.hankyung.com/analysis/downpdf?report_idx=643870
2025-09-25,카카오,035720, 큰 변화에 따른 가능성 확인 큰 변화에 따른 가능성 확인 큰 변화에 따른 가능성 확인 ,0,58700,,투자의견없음,남효지,SK증권,https://comp.kisline.com/hi/HI0100M010GE.nice?stockcd=035720&nav=1,https://consensus.hankyung.com/analysis/downpdf?report_idx=643864
2025-09-25,KCC,002380, 자사주 EB 발행 Korea Discount의 단면 자사주 EB 발행 Korea Discount의 단면 자사주 EB 발행 Korea Discount의 단면 ,"460,000",400500,14.86,Buy,정경희,LS증권,https://comp.kisline.com/hi/HI0100M010GE.nice?stockcd=002380&nav=1,https://consensus.hankyung.com/analysis/downpdf?report_idx=643861
2025-09-25,한온시스템,018880, 9 000억 유상증자 결정 남아있는 과제들 9 000억 유상증자 결정 남아있는 과제들 9 000억 유상증자 결정 남아있는 과제들 ,"3,800",3535,7.5,Buy,이병근,LS증권,https://comp.kisline.com/hi/HI0100M010GE.nice?stockcd=018880&nav=1,https://consensus.hankyung.com/analysis/downpdf?report_idx=643860
2025-09-25,이오테크닉스,039030, 신규 레이저 장비 성과 현실화 단계 진입 신규 레이저 장비 성과 현실화 단계 진입 신규 레이저 장비 성과 현실화 단계 진입 ,"300,000",248000,20.97,Buy,송명섭,iM증권,https://comp.kisline.com/hi/HI0100M010GE.nice?stockcd=039030&nav=1,https://consensus.hankyung.com/analysis/downpdf?report_idx=643858
2025-09-24,아모레퍼시픽,090430, 폼 돌아오는 중 폼 돌아오는 중 폼 돌아오는 중 ,"150,000",134400,11.61,매수,형권훈,SK증권,https://comp.kisline.com/hi/HI0100M010GE.nice?stockcd=090430&nav=1,https://consensus.hankyung.com/analysis/downpdf?report_idx=643857
2025-09-24,KT&G,033780, KT G 신사업 진출과 추가 주주환원 KT G 신사업 진출과 추가 주주환원 신사업 진출과 추가 주주환원 ,"185,000",145600,27.06,Buy,박성호,LS증권,https://comp.kisline.com/hi/HI0100M010GE.nice?stockcd=033780&nav=1,https://consensus.hankyung.com/analysis/downpdf?report_idx=643854
2025-09-24,현대차,005380, 미국 산업시찰 후기 미국 산업시찰 후기 미국 산업시찰 후기 ,"300,000",259500,15.61,Buy,이병근,LS증권,https://comp.kisline.com/hi/HI0100M010GE.nice?stockcd=005380&nav=1,https://consensus.hankyung.com/analysis/downpdf?report_idx=643853
2025-09-23,SK하이닉스,000660, 3분기 NAND 순풍 3분기 NAND 순풍 3분기 NAND 순풍 ,"450,000",521000,-13.63,매수,김운호,IBK투자증권,https://comp.kisline.com/hi/HI0100M010GE.nice?stockcd=000660&nav=1,https://consensus.hankyung.com/analysis/downpdf?report_idx=643832
2025-09-22,쎄트렉아이,099320, 이제 위성 영상으로 돈을 벌 차례 이제 위성 영상으로 돈을 벌 차례 3Q25 Preview 5개 분기 연속 연결흑자 달성 전망 내년 국내외 신규 수주 반등 전망 ,"90,000",55500,62.16,Buy,배성조,한화투자증권,https://comp.kisline.com/hi/HI0100M010GE.nice?stockcd=099320&nav=1,https://consensus.hankyung.com/analysis/downpdf?report_idx=643822
2025-09-22,티엘비,356860, SOCAMM까지 가세 SOCAMM까지 가세 SOCAMM 공급망 전환의 수혜 300억원 단기차입급증가 결정의 의미 ,"49,000",62400,-21.47,Buy,양승수,메리츠증권,https://comp.kisline.com/hi/HI0100M010GE.nice?stockcd=356860&nav=1,https://consensus.hankyung.com/analysis/downpdf?report_idx=643820
2025-09-22,LG이노텍,011070, 하나씩 풀리는 매듭 하나씩 풀리는 매듭 하나씩 풀리는 매듭 ,"230,000",231000,-0.43,Buy,고의영,iM증권,https://comp.kisline.com/hi/HI0100M010GE.nice?stockcd=011070&nav=1,https://consensus.hankyung.com/analysis/downpdf?report_idx=643799
2025-09-19,현대차,005380, CID takeaways 불확실성 해소 필요 CID takeaways 불확실성 해소 필요 실적 가이던스 컨센서스 무색한 상황 관세 불확실성 해소 필요 ,"265,000",259500,2.12,Buy,김준성,메리츠증권,https://comp.kisline.com/hi/HI0100M010GE.nice?stockcd=005380&nav=1,https://consensus.hankyung.com/analysis/downpdf?report_idx=643795
2025-09-19,서진시스템,178320, ESS 시장 지각변동 속 적자생존 ESS 시장 지각변동 속 적자생존 ESS 시장 지각변동 속 적자생존 ,"30,000",21800,37.61,Buy,신희철,iM증권,https://comp.kisline.com/hi/HI0100M010GE.nice?stockcd=178320&nav=1,https://consensus.hankyung.com/analysis/downpdf?report_idx=643784
2025-09-17,LS,006260, 전선 중심의 글로벌 호황과 자사주 가치 부각 전선 중심의 글로벌 호황과 자사주 가치 부각 전선 중심의 글로벌 호황과 자사주 가치 부각 ,"220,000",182200,20.75,매수,최관순,SK증권,https://comp.kisline.com/hi/HI0100M010GE.nice?stockcd=006260&nav=1,https://consensus.hankyung.com/analysis/downpdf?report_idx=643757
2025-09-17,오리온,271560, 8월 잠정 실적 Review 8월 잠정 실적 Review 8월 잠정 실적 Review ,"150,000",104800,43.13,Buy,박성호,LS증권,https://comp.kisline.com/hi/HI0100M010GE.nice?stockcd=271560&nav=1,https://consensus.hankyung.com/analysis/downpdf?report_idx=643755
2025-09-17,지역난방공사,071320, 짱짱한 이익 체력에 압도적인 배당 매력 짱짱한 이익 체력에 압도적인 배당 매력 짱짱한 이익 체력에 압도적인 배당 매력 ,"110,000",104000,5.77,Buy,전유진,iM증권,https://comp.kisline.com/hi/HI0100M010GE.nice?stockcd=071320&nav=1,https://consensus.hankyung.com/analysis/downpdf?report_idx=643752
2025-09-17,SK가스,018670, 동절기 본격 발휘될 수 있는 GPS 연료 경쟁력 동절기 본격 발휘될 수 있는 GPS 연료 경쟁력 동절기 본격 발휘될 수 있는 GPS 연료 경쟁력 ,"300,000",258000,16.28,Buy,전유진,iM증권,https://comp.kisline.com/hi/HI0100M010GE.nice?stockcd=018670&nav=1,https://consensus.hankyung.com/analysis/downpdf?report_idx=643750
2025-09-16,HD현대,267250, 성장의 과실이 모이는 곳 성장의 과실이 모이는 곳 성장의 과실이 모이는 곳 ,"297,000",203500,45.95,Buy,정경희,LS증권,https://comp.kisline.com/hi/HI0100M010GE.nice?stockcd=267250&nav=1,https://consensus.hankyung.com/analysis/downpdf?report_idx=643748
2025-09-16,삼성전기,009150, 모든조건이맞추어지고있다 모든조건이맞추어지고있다 모든조건이맞추어지고있다 ,"220,000",217500,1.15,Buy,고의영,iM증권,https://comp.kisline.com/hi/HI0100M010GE.nice?stockcd=009150&nav=1,https://consensus.hankyung.com/analysis/downpdf?report_idx=643741
2025-09-16,LG디스플레이,034220, 하반기 뚜렷한 실적 회복세 예상 하반기 뚜렷한 실적 회복세 예상 하반기 뚜렷한 실적 회복세 예상 ,"15,000",12150,23.46,Buy,정원석,iM증권,https://comp.kisline.com/hi/HI0100M010GE.nice?stockcd=034220&nav=1,https://consensus.hankyung.com/analysis/downpdf?report_idx=643739
2025-09-16,대덕전자,353200, 가속화구간진입 가속화구간진입 가속화구간진입 ,"34,000",47350,-28.19,Buy,고의영,iM증권,https://comp.kisline.com/hi/HI0100M010GE.nice?stockcd=353200&nav=1,https://consensus.hankyung.com/analysis/downpdf?report_idx=643733
2025-09-15,테스,095610, 내년까지 편안한 증익 구간 내년까지 편안한 증익 구간 3분기는 잠시 쉬어가는 분기 4분기 다시 증익 내년까지 편안한 증익 구간 ,"45,000",38200,17.8,Buy,김광진,한화투자증권,https://comp.kisline.com/hi/HI0100M010GE.nice?stockcd=095610&nav=1,https://consensus.hankyung.com/analysis/downpdf?report_idx=643731
2025-09-15,한국가스공사,036460, LNG 공급의 시대 두 마리 토끼를 잡는다 LNG 공급의 시대 두 마리 토끼를 잡는다 LNG 공급의 시대 두 마리 토끼를 잡는다 ,0,40250,,nr,"이상헌,장호",iM증권,https://comp.kisline.com/hi/HI0100M010GE.nice?stockcd=036460&nav=1,https://consensus.hankyung.com/analysis/downpdf?report_idx=643711
2025-09-15,유니셈,036200, 삼성전자 투자가 실적향상으로 이어진다 삼성전자 투자가 실적향상으로 이어진다 삼성전자 투자가 실적향상으로 이어진다 ,0,9270,,nr,"이상헌,장호",iM증권,https://comp.kisline.com/hi/HI0100M010GE.nice?stockcd=036200&nav=1,https://consensus.hankyung.com/analysis/downpdf?report_idx=643710
2025-09-15,티엘비,356860, ASP 상승으로 수익성 개선 가속화 ASP 상승으로 수익성 개선 가속화 ASP 상승으로 수익성 개선 가속화 ,0,62400,,N/A,"이상헌,장호",iM증권,https://comp.kisline.com/hi/HI0100M010GE.nice?stockcd=356860&nav=1,https://consensus.hankyung.com/analysis/downpdf?report_idx=643709
2025-09-15,SK하이닉스,000660, 내년 HBM은 둔화되나 레거시 디램 낸드는 양호 내년 HBM은 둔화되나 레거시 디램 낸드는 양호 내년 HBM은 둔화되나 레거시 디램 낸드는 양호 ,"380,000",521000,-27.06,Buy,송명섭,iM증권,https://comp.kisline.com/hi/HI0100M010GE.nice?stockcd=000660&nav=1,https://consensus.hankyung.com/analysis/downpdf?report_idx=643707
2025-09-12,POSCO홀딩스,005490, 철강 내수 시장부터 회복 기대 철강 내수 시장부터 회복 기대 철강 내수 시장부터 회복 기대 ,"440,000",310500,41.71,Buy,이현수,유안타증권,https://comp.kisline.com/hi/HI0100M010GE.nice?stockcd=005490&nav=1,https://consensus.hankyung.com/analysis/downpdf?report_idx=643704
2025-09-12,팬오션,028670, 성수기 진입으로 견조한 시황 성수기 진입으로 견조한 시황 성수기 진입으로 견조한 시황 ,"6,000",3750,60.0,Buy,양지환,대신증권,https://comp.kisline.com/hi/HI0100M010GE.nice?stockcd=028670&nav=1,https://consensus.hankyung.com/analysis/downpdf?report_idx=643698
2025-09-12,서진시스템,178320, NDR 후기 모두가 궁금해하던 근황에 대하여 NDR 후기 모두가 궁금해하던 근황에 대하여 NDR 후기 모두가 궁금해하던 근황에 대하여 ,0,21800,,투자의견없음,나승두,SK증권,https://comp.kisline.com/hi/HI0100M010GE.nice?stockcd=178320&nav=1,https://consensus.hankyung.com/analysis/downpdf?report_idx=643694
2025-09-12,LS에코에너지,229640, 해저케이블 그리고 희토류 해저케이블 그리고 희토류 해저케이블 그리고 희토류 ,"48,000",34750,38.13,매수,나민식,SK증권,https://comp.kisline.com/hi/HI0100M010GE.nice?stockcd=229640&nav=1,https://consensus.hankyung.com/analysis/downpdf?report_idx=643691
2025-09-10,파라다이스,034230, 중요한 변곡점 중요한 변곡점 중요한 변곡점 ,"25,000",18090,38.2,매수,나승두,SK증권,https://comp.kisline.com/hi/HI0100M010GE.nice?stockcd=034230&nav=1,https://consensus.hankyung.com/analysis/downpdf?report_idx=643630
2025-09-10,롯데관광개발,032350, 아직 갈 길 많이 남았습니다 아직 갈 길 많이 남았습니다 아직 갈 길 많이 남았습니다 ,"25,000",21950,13.9,매수,나승두,SK증권,https://comp.kisline.com/hi/HI0100M010GE.nice?stockcd=032350&nav=1,https://consensus.hankyung.com/analysis/downpdf?report_idx=643627
2025-09-10,LG화학,051910, 3분기 호실적 예상하지만 3분기 호실적 예상하지만 3분기 호실적 예상하지만 ,"250,000",367000,-31.88,Hold,정경희,LS증권,https://comp.kisline.com/hi/HI0100M010GE.nice?stockcd=051910&nav=1,https://consensus.hankyung.com/analysis/downpdf?report_idx=643625
2025-09-09,LG화학,051910, 글로벌 석화 폐쇄 사이클 수혜를 기대한다 글로벌 석화 폐쇄 사이클 수혜를 기대한다 글로벌 석화 폐쇄 사이클 수혜를 기대한다 ,"500,000",367000,36.24,Buy,"황규원,서석준",유안타증권,https://comp.kisline.com/hi/HI0100M010GE.nice?stockcd=051910&nav=1,https://consensus.hankyung.com/analysis/downpdf?report_idx=643620
2025-09-09,SK하이닉스,000660, 다시 한번 전고점을 향해 다시 한번 전고점을 향해 다시 한번 전고점을 향해 ,"330,000",521000,-36.66,Buy,류형근,대신증권,https://comp.kisline.com/hi/HI0100M010GE.nice?stockcd=000660&nav=1,https://consensus.hankyung.com/analysis/downpdf?report_idx=643612
2025-09-08,이수페타시스,007660, 대구 라인 투어 후기 Vippo 장인에서 Sequential 선구자로 대구 라인 투어 후기 Vippo 장인에서 Sequential 선구자로 Sequential과 HDI를 구분해서 보면 드러나는 동사의 진면목 공격적인 증설에도 공급 부족은 지속 중장기적 우상향 흐름 전망 ,"81,000",122100,-33.66,Buy,양승수,메리츠증권,https://comp.kisline.com/hi/HI0100M010GE.nice?stockcd=007660&nav=1,https://consensus.hankyung.com/analysis/downpdf?report_idx=643591
2025-09-08,이수페타시스,007660, 세 번째 공장 투어 후기 세 번째 공장 투어 후기 세 번째 공장 투어 후기 ,"79,000",122100,-35.3,매수,"박형우,권민규",SK증권,https://comp.kisline.com/hi/HI0100M010GE.nice?stockcd=007660&nav=1,https://consensus.hankyung.com/analysis/downpdf?report_idx=643579
2025-09-08,LG에너지솔루션,373220, 미국 HMGMA 공사중단 영향 미국 HMGMA 공사중단 영향 미국 HMGMA 공사중단 영향 ,"300,000",425500,-29.49,Hold,정경희,LS증권,https://comp.kisline.com/hi/HI0100M010GE.nice?stockcd=373220&nav=1,https://consensus.hankyung.com/analysis/downpdf?report_idx=643577
2025-09-04,셀트리온,068270, 멀티플 저점 구간 지금이 기회 멀티플 저점 구간 지금이 기회 선제적 관세 대응 정책 수립 투자의견 Buy 적정주가 25만원으로 커버리지 개시 ,"250,000",187400,33.4,Buy,김준영,메리츠증권,https://comp.kisline.com/hi/HI0100M010GE.nice?stockcd=068270&nav=1,https://consensus.hankyung.com/analysis/downpdf?report_idx=643541
2025-09-04,삼성전기,009150, 역대 최고 외국인 지분율의 의미 역대 최고 외국인 지분율의 의미 고조되는 MLCC 가격 인상 기대감 ASIC에서 맞이하는 새로운 기회 ,"210,000",217500,-3.45,Buy,양승수,메리츠증권,https://comp.kisline.com/hi/HI0100M010GE.nice?stockcd=009150&nav=1,https://consensus.hankyung.com/analysis/downpdf?report_idx=643540
2025-09-04,이오테크닉스,039030, 매력 발산 매력 발산 매력 발산 ,"270,000",248000,8.87,매수,이동주,SK증권,https://comp.kisline.com/hi/HI0100M010GE.nice?stockcd=039030&nav=1,https://consensus.hankyung.com/analysis/downpdf?report_idx=643534
2025-09-04,유니셈,036200, 모멘텀 재개를 넘어 확장까지 모멘텀 재개를 넘어 확장까지 모멘텀 재개를 넘어 확장까지 ,"11,000",9270,18.66,매수,이동주,SK증권,https://comp.kisline.com/hi/HI0100M010GE.nice?stockcd=036200&nav=1,https://consensus.hankyung.com/analysis/downpdf?report_idx=643532
2025-09-04,테스,095610, 전방 투자 효과 지속 전방 투자 효과 지속 전방 투자 효과 지속 ,"33,000",38200,-13.61,매수,이동주,SK증권,https://comp.kisline.com/hi/HI0100M010GE.nice?stockcd=095610&nav=1,https://consensus.hankyung.com/analysis/downpdf?report_idx=643531
2025-09-04,원익IPS,240810, 장비 내 주도주 장비 내 주도주 장비 내 주도주 ,"55,000",56700,-3.0,매수,이동주,SK증권,https://comp.kisline.com/hi/HI0100M010GE.nice?stockcd=240810&nav=1,https://consensus.hankyung.com/analysis/downpdf?report_idx=643530
2025-09-04,오리온,271560, 다음성장주력지역은미국 다음성장주력지역은미국 다음성장주력지역은미국 ,"170,000",104800,62.21,Buy,이경신,iM증권,https://comp.kisline.com/hi/HI0100M010GE.nice?stockcd=271560&nav=1,https://consensus.hankyung.com/analysis/downpdf?report_idx=643524
2025-09-04,삼양식품,003230, 고성장과레버리지효과로관세이슈제한 모범적인해답보유 고성장과레버리지효과로관세이슈제한 모범적인해답보유 고성장과레버리지효과로관세이슈제한 모범적인해답보유 ,"1,800,000",1380000,30.43,Buy,이경신,iM증권,https://comp.kisline.com/hi/HI0100M010GE.nice?stockcd=003230&nav=1,https://consensus.hankyung.com/analysis/downpdf?report_idx=643522
2025-09-04,삼양식품,003230, 고성장과레버리지효과로관세이슈제한 모범적인해답보유 고성장과레버리지효과로관세이슈제한 모범적인해답보유 고성장과레버리지효과로관세이슈제한 모범적인해답보유 ,"1,800,000",1380000,30.43,Buy,이경신,iM증권,https://comp.kisline.com/hi/HI0100M010GE.nice?stockcd=003230&nav=1,https://consensus.hankyung.com/analysis/downpdf?report_idx=643521
2025-09-04,삼양식품,003230, 고성장과레버리지효과로관세이슈제한 모범적인해답보유 고성장과레버리지효과로관세이슈제한 모범적인해답보유 고성장과레버리지효과로관세이슈제한 모범적인해답보유 ,"1,800,000",1380000,30.43,Buy,이경신,iM증권,https://comp.kisline.com/hi/HI0100M010GE.nice?stockcd=003230&nav=1,https://consensus.hankyung.com/analysis/downpdf?report_idx=643520
2025-09-03,파라다이스,034230, P City의 8월은 북적북적 P City의 8월은 북적북적 P City 오봉절 손님 모셔오기는 제대로 통했다 10월의 이벤트와 CAPA 증설을 기대 ,"26,000",18090,43.73,Buy,박수영,한화투자증권,https://comp.kisline.com/hi/HI0100M010GE.nice?stockcd=034230&nav=1,https://consensus.hankyung.com/analysis/downpdf?report_idx=643505
2025-09-03,쎄트렉아이,099320, 위성활용콘퍼런스를 통해 만난 자회사 SIIS SIA 위성활용콘퍼런스를 통해 만난 자회사 SIIS SIA 위성활용콘퍼런스를 통해 만난 자회사 SIIS SIA ,"63,000",55500,13.51,Buy,최정환,LS증권,https://comp.kisline.com/hi/HI0100M010GE.nice?stockcd=099320&nav=1,https://consensus.hankyung.com/analysis/downpdf?report_idx=643487
2025-09-03,삼성전자,005930, 이젠HBM4 성공여부가중요 이젠HBM4 성공여부가중요 이젠HBM4 성공여부가중요 ,"85,000",94800,-10.34,Buy,송명섭,iM증권,https://comp.kisline.com/hi/HI0100M010GE.nice?stockcd=005930&nav=1,https://consensus.hankyung.com/analysis/downpdf?report_idx=643486
2025-09-03,SK하이닉스,000660, 3Q 저점매수 4Q 고점매도전략 3Q 저점매수 4Q 고점매도전략 3Q 저점매수 4Q 고점매도전략 ,"280,000",521000,-46.26,Hold,송명섭,iM증권,https://comp.kisline.com/hi/HI0100M010GE.nice?stockcd=000660&nav=1,https://consensus.hankyung.com/analysis/downpdf?report_idx=643483
2025-09-02,삼성전기,009150, 피지컬 AI 시대의 방점 피지컬 AI 시대의 방점 피지컬 AI 시대의 방점 ,"220,000",217500,1.15,Buy,고의영,iM증권,https://comp.kisline.com/hi/HI0100M010GE.nice?stockcd=009150&nav=1,https://consensus.hankyung.com/analysis/downpdf?report_idx=643463
2025-09-02,LG에너지솔루션,373220, 7월 data로 보는 3 4분기 7월 data로 보는 3 4분기 7월 data로 보는 3 4분기 ,"302,000",425500,-29.02,Hold,정경희,LS증권,https://comp.kisline.com/hi/HI0100M010GE.nice?stockcd=373220&nav=1,https://consensus.hankyung.com/analysis/downpdf?report_idx=643461
2025-09-01,SNT에너지,100840, 미국 투자로 거점 확보 미국 투자로 거점 확보 미국 투자로 거점 확보 ,0,38050,,NotRated,김세련,LS증권,https://comp.kisline.com/hi/HI0100M010GE.nice?stockcd=100840&nav=1,https://consensus.hankyung.com/analysis/downpdf?report_idx=643443
2025-09-01,지역난방공사,071320, 실적개선 및 배당성향 상향으로 DPS 대폭 증가할 듯 실적개선 및 배당성향 상향으로 DPS 대폭 증가할 듯 실적개선 및 배당성향 상향으로 DPS 대폭 증가할 듯 ,0,104000,,nr,"이상헌,장호",iM증권,https://comp.kisline.com/hi/HI0100M010GE.nice?stockcd=071320&nav=1,https://consensus.hankyung.com/analysis/downpdf?report_idx=643438
2025-09-01,SNT에너지,100840, 미국 지역 확장성 및 실적개선 가속화 미국 지역 확장성 및 실적개선 가속화 미국 지역 확장성 및 실적개선 가속화 ,0,38050,,nr,"이상헌,장호",iM증권,https://comp.kisline.com/hi/HI0100M010GE.nice?stockcd=100840&nav=1,https://consensus.hankyung.com/analysis/downpdf?report_idx=643436
2025-08-28,현대모비스,012330, 2025 CEO Investor Day Review 키워드는 미래 핵심제품 2025 CEO Investor Day Review 키워드는 미래 핵심제품 중심 성장 중장기 전략 미래 핵심제품 역량 조기 육성 Non Captive 비중 확대 ,"360,000",296000,21.62,Buy,김성래,한화투자증권,https://comp.kisline.com/hi/HI0100M010GE.nice?stockcd=012330&nav=1,https://consensus.hankyung.com/analysis/downpdf?report_idx=643424
2025-08-25,비에이치아이,083650, 원전 BOP 수주확대 가능성 증대될 듯 원전 BOP 수주확대 가능성 증대될 듯 원전 BOP 수주확대 가능성 증대될 듯 ,0,42900,,nr,"이상헌,장호",iM증권,https://comp.kisline.com/hi/HI0100M010GE.nice?stockcd=083650&nav=1,https://consensus.hankyung.com/analysis/downpdf?report_idx=643353
2025-08-25,두산에너빌리티,034020, 우호적인 환경변화로 원전 수주증가는 지속된다 우호적인 환경변화로 원전 수주증가는 지속된다 우호적인 환경변화로 원전 수주증가는 지속된다 ,0,73100,,nr,"이상헌,장호",iM증권,https://comp.kisline.com/hi/HI0100M010GE.nice?stockcd=034020&nav=1,https://consensus.hankyung.com/analysis/downpdf?report_idx=643352
2025-08-25,한전기술,052690, 미국 시장 진출 및 해외원전 수주 지속성 부각 미국 시장 진출 및 해외원전 수주 지속성 부각 미국 시장 진출 및 해외원전 수주 지속성 부각 ,0,88900,,nr,"이상헌,장호",iM증권,https://comp.kisline.com/hi/HI0100M010GE.nice?stockcd=052690&nav=1,https://consensus.hankyung.com/analysis/downpdf?report_idx=643351
2025-08-22,한국타이어앤테크놀로지,161390, 하반기 물량 믹스 개선과 배당 확대 긍정적 유증 참여 규모는 관건 하반기 물량 믹스 개선과 배당 확대 긍정적 유증 참여 규모는 관건 2Q25 매출액 5 4조원 영업이익 3 536억원 OPM 6 6 기록 하반기 믹스 개선 및 테네시 물량 증가 효과 기대 ,"56,000",57900,-3.28,N/A,김성래,한화투자증권,https://comp.kisline.com/hi/HI0100M010GE.nice?stockcd=161390&nav=1,https://consensus.hankyung.com/analysis/downpdf?report_idx=643340
2025-08-21,샘씨엔에스,252990, 로드맵 이상 로드맵 이상 2Q25 Review 디램 우상향 낸드 기대보다 양호 2025년 별도 영업이익 130억원 149 6 YoY 전망 ,0,6290,,NotRated,양승수,메리츠증권,https://comp.kisline.com/hi/HI0100M010GE.nice?stockcd=252990&nav=1,https://consensus.hankyung.com/analysis/downpdf?report_idx=643327
2025-08-20,오리온,271560, 7월 잠정 실적 Comment 7월 잠정 실적 Comment 7월 잠정 실적 Comment ,"140,000",104800,33.59,Buy,김진우,유진투자증권,https://comp.kisline.com/hi/HI0100M010GE.nice?stockcd=271560&nav=1,https://consensus.hankyung.com/analysis/downpdf?report_idx=643308
